exiobase_position,exiobase_code,exiobase_name,exiobase_code1,isic_rev3_division,isic_rev3_division_bronze_csv,nace_rev2_candidates_developer,dst_nace_prefix,dst_industry_code,dst_industry_name,mapping_type,confidence,basis,mapping_group,dst_output_share,dst_import_share,mapping_group_label,mapping_group_type
0,PARI,Cultivation of paddy rice,i01.a,01,01,01,01,010000,Agriculture and horticulture,many-to-one,high,"ISIC rev.3 01 = NACE rev.2 01, developer table 01; DST has a single NACE 01 industry so all fifteen crop and livestock activities collapse",0,1.000000,1.000000,NACE 01 (PARI),many-to-one
1,WHEA,Cultivation of wheat,i01.b,01,01,01,01,010000,Agriculture and horticulture,many-to-one,high,"ISIC rev.3 01 = NACE rev.2 01, developer table 01; DST has a single NACE 01 industry so all fifteen crop and livestock activities collapse",0,1.000000,1.000000,NACE 01 (PARI),many-to-one
2,OCER,Cultivation of cereal grains nec,i01.c,01,01,01,01,010000,Agriculture and horticulture,many-to-one,high,"ISIC rev.3 01 = NACE rev.2 01, developer table 01; DST has a single NACE 01 industry so all fifteen crop and livestock activities collapse",0,1.000000,1.000000,NACE 01 (PARI),many-to-one
3,FVEG,"Cultivation of vegetables, fruit, nuts",i01.d,01,01,01,01,010000,Agriculture and horticulture,many-to-one,high,"ISIC rev.3 01 = NACE rev.2 01, developer table 01; DST has a single NACE 01 industry so all fifteen crop and livestock activities collapse",0,1.000000,1.000000,NACE 01 (PARI),many-to-one
4,OILS,Cultivation of oil seeds,i01.e,01,01,01,01,010000,Agriculture and horticulture,many-to-one,high,"ISIC rev.3 01 = NACE rev.2 01, developer table 01; DST has a single NACE 01 industry so all fifteen crop and livestock activities collapse",0,1.000000,1.000000,NACE 01 (PARI),many-to-one
5,SUGB,"Cultivation of sugar cane, sugar beet",i01.f,01,01,01,01,010000,Agriculture and horticulture,many-to-one,high,"ISIC rev.3 01 = NACE rev.2 01, developer table 01; DST has a single NACE 01 industry so all fifteen crop and livestock activities collapse",0,1.000000,1.000000,NACE 01 (PARI),many-to-one
6,FIBR,Cultivation of plant-based fibers,i01.g,01,01,01,01,010000,Agriculture and horticulture,many-to-one,high,"ISIC rev.3 01 = NACE rev.2 01, developer table 01; DST has a single NACE 01 industry so all fifteen crop and livestock activities collapse",0,1.000000,1.000000,NACE 01 (PARI),many-to-one
7,OTCR,Cultivation of crops nec,i01.h,01,01,01,01,010000,Agriculture and horticulture,many-to-one,high,"ISIC rev.3 01 = NACE rev.2 01, developer table 01; DST has a single NACE 01 industry so all fifteen crop and livestock activities collapse",0,1.000000,1.000000,NACE 01 (PARI),many-to-one
8,CATL,Cattle farming,i01.i,01,01,01,01,010000,Agriculture and horticulture,many-to-one,high,"ISIC rev.3 01 = NACE rev.2 01, developer table 01; DST has a single NACE 01 industry so all fifteen crop and livestock activities collapse",0,1.000000,1.000000,NACE 01 (PARI),many-to-one
9,PIGS,Pigs farming,i01.j,01,01,01,01,010000,Agriculture and horticulture,many-to-one,high,"ISIC rev.3 01 = NACE rev.2 01, developer table 01; DST has a single NACE 01 industry so all fifteen crop and livestock activities collapse",0,1.000000,1.000000,NACE 01 (PARI),many-to-one
10,PLTR,Poultry farming,i01.k,01,01,01,01,010000,Agriculture and horticulture,many-to-one,high,"ISIC rev.3 01 = NACE rev.2 01, developer table 01; DST has a single NACE 01 industry so all fifteen crop and livestock activities collapse",0,1.000000,1.000000,NACE 01 (PARI),many-to-one
11,OMEA,Meat animals nec,i01.l,01,01,01,01,010000,Agriculture and horticulture,many-to-one,high,"ISIC rev.3 01 = NACE rev.2 01, developer table 01; DST has a single NACE 01 industry so all fifteen crop and livestock activities collapse",0,1.000000,1.000000,NACE 01 (PARI),many-to-one
12,OANP,Animal products nec,i01.m,01,01,01,01,010000,Agriculture and horticulture,many-to-one,high,"ISIC rev.3 01 = NACE rev.2 01, developer table 01; DST has a single NACE 01 industry so all fifteen crop and livestock activities collapse",0,1.000000,1.000000,NACE 01 (PARI),many-to-one
13,MILK,Raw milk,i01.n,01,01,01,01,010000,Agriculture and horticulture,many-to-one,high,"ISIC rev.3 01 = NACE rev.2 01, developer table 01; DST has a single NACE 01 industry so all fifteen crop and livestock activities collapse",0,1.000000,1.000000,NACE 01 (PARI),many-to-one
14,WOOL,"Wool, silk-worm cocoons",i01.o,01,01,01,01,010000,Agriculture and horticulture,many-to-one,high,"ISIC rev.3 01 = NACE rev.2 01, developer table 01; DST has a single NACE 01 industry so all fifteen crop and livestock activities collapse",0,1.000000,1.000000,NACE 01 (PARI),many-to-one
15,MANC,"Manure treatment (conventional), storage and land application",i01.w.1,01,01,01,01,010000,Agriculture and horticulture,many-to-one,medium,"EXIOBASE hybrid manure-treatment activity, developer table 01; DST has no manure industry, the activity sits inside 010000",0,1.000000,1.000000,NACE 01 (PARI),many-to-one
16,MANB,"Manure treatment (biogas), storage and land application",i01.w.2,01,01,01,01,010000,Agriculture and horticulture,many-to-one,medium,"EXIOBASE hybrid manure-treatment activity, developer table 01; DST has no manure industry, the activity sits inside 010000",0,1.000000,1.000000,NACE 01 (PARI),many-to-one
17,FORE,"Forestry, logging and related service activities (02)",i02,02,02,02,02,020000,Forestry,one-to-one,high,ISIC rev.3 02 = NACE rev.2 02,1,1.000000,1.000000,NACE 02 (FORE),one-to-one
18,FISH,"Fishing, operating of fish hatcheries and fish farms; service activities incidental to fishing (05)",i05,05,05,03,03,030000,Fishing,one-to-one,high,ISIC rev.3 05 -> NACE rev.2 03,2,1.000000,1.000000,NACE 03 (FISH),one-to-one
19,COAL,Mining of coal and lignite; extraction of peat (10),i10,10,10,05 08 09,08,080090,Extraction of gravel and stone,many-to-one,medium,"developer table 05 08 09; NACE rev.2 05 coal and lignite has no DST 117 industry, only the peat component NACE 08.92 does, so the match covers part of the industry",3,1.000000,1.000000,NACE 08 (STON),many-to-one
20,COIL,"Extraction of crude petroleum and services related to crude oil extraction, excluding surveying",i11.a,11,11,06 09,06;09,060000;090000,Extraction of oil and gas;Mining support service activities,one-to-many,high,developer table 06 09; ISIC rev.3 11 bundles extraction with the incidental services NACE rev.2 moved to 09.1 = DST 090000,4,0.860997;0.139003,0.994294;0.005706,NACE 06;09 (COIL),many-to-many
21,GASE,"Extraction of natural gas and services related to natural gas extraction, excluding surveying",i11.b,11,11,06 09,06;09,060000;090000,Extraction of oil and gas;Mining support service activities,one-to-many,high,developer table 06 09; ISIC rev.3 11 bundles extraction with the incidental services NACE rev.2 moved to 09.1 = DST 090000,4,0.860997;0.139003,0.994294;0.005706,NACE 06;09 (COIL),many-to-many
22,OGPL,"Extraction, liquefaction, and regasification of other petroleum and gaseous materials",i11.c,11,11,06 09,06;09,060000;090000,Extraction of oil and gas;Mining support service activities,one-to-many,high,developer table 06 09; ISIC rev.3 11 bundles extraction with the incidental services NACE rev.2 moved to 09.1 = DST 090000,4,0.860997;0.139003,0.994294;0.005706,NACE 06;09 (COIL),many-to-many
23,ORAN,Mining of uranium and thorium ores (12),i12,12,12,07 09,,,,unmatched,high,"developer table 07 09; NACE rev.2 division 07 mining of metal ores has no industry in the DST 117 grouping, Denmark mines no metal ore",-1,,,unmatched,unmatched
24,IRON,Mining of iron ores,i13.1,13,13,07 09,,,,unmatched,high,"developer table 07 09; NACE rev.2 division 07 mining of metal ores has no industry in the DST 117 grouping, Denmark mines no metal ore",-1,,,unmatched,unmatched
25,COPO,Mining of copper ores and concentrates,i13.20.11,13,13,07 09,,,,unmatched,high,"developer table 07 09; NACE rev.2 division 07 mining of metal ores has no industry in the DST 117 grouping, Denmark mines no metal ore",-1,,,unmatched,unmatched
26,NIKO,Mining of nickel ores and concentrates,i13.20.12,13,13,07 09,,,,unmatched,high,"developer table 07 09; NACE rev.2 division 07 mining of metal ores has no industry in the DST 117 grouping, Denmark mines no metal ore",-1,,,unmatched,unmatched
27,ALUO,Mining of aluminium ores and concentrates,i13.20.13,13,13,07 09,,,,unmatched,high,"developer table 07 09; NACE rev.2 division 07 mining of metal ores has no industry in the DST 117 grouping, Denmark mines no metal ore",-1,,,unmatched,unmatched
28,PREO,Mining of precious metal ores and concentrates,i13.20.14,13,13,07 09,,,,unmatched,high,"developer table 07 09; NACE rev.2 division 07 mining of metal ores has no industry in the DST 117 grouping, Denmark mines no metal ore",-1,,,unmatched,unmatched
29,LZTO,"Mining of lead, zinc and tin ores and concentrates",i13.20.15,13,13,07 09,,,,unmatched,high,"developer table 07 09; NACE rev.2 division 07 mining of metal ores has no industry in the DST 117 grouping, Denmark mines no metal ore",-1,,,unmatched,unmatched
30,ONFO,Mining of other non-ferrous metal ores and concentrates,i13.20.16,13,13,07 09,,,,unmatched,high,"developer table 07 09; NACE rev.2 division 07 mining of metal ores has no industry in the DST 117 grouping, Denmark mines no metal ore",-1,,,unmatched,unmatched
31,STON,Quarrying of stone,i14.1,14,14,08 09,08,080090,Extraction of gravel and stone,many-to-one,high,developer table 08 09; the DST name 'Extraction of gravel and stone' is NACE rev.2 08,3,1.000000,1.000000,NACE 08 (STON),many-to-one
32,SDCL,Quarrying of sand and clay,i14.2,14,14,08 09,08,080090,Extraction of gravel and stone,many-to-one,high,developer table 08 09; the DST name 'Extraction of gravel and stone' is NACE rev.2 08,3,1.000000,1.000000,NACE 08 (STON),many-to-one
33,CHMF,"Mining of chemical and fertilizer minerals, production of salt, other mining and quarrying n.e.c.",i14.3,14,14,08 09,08,080090,Extraction of gravel and stone,many-to-one,high,developer table 08 09; the DST name 'Extraction of gravel and stone' is NACE rev.2 08,3,1.000000,1.000000,NACE 08 (STON),many-to-one
34,PCAT,Processing of meat cattle,i15.a,15,,10,10,100010,Production of meat and meat products,many-to-one,high,"NACE rev.2 10.1, DST 'Production of meat and meat products'",5,1.000000,1.000000,NACE 10 (PCAT),many-to-one
35,PPIG,Processing of meat pigs,i15.b,15,,10,10,100010,Production of meat and meat products,many-to-one,high,"NACE rev.2 10.1, DST 'Production of meat and meat products'",5,1.000000,1.000000,NACE 10 (PCAT),many-to-one
36,PPLT,Processing of meat poultry,i15.c,15,,10,10,100010,Production of meat and meat products,many-to-one,high,"NACE rev.2 10.1, DST 'Production of meat and meat products'",5,1.000000,1.000000,NACE 10 (PCAT),many-to-one
37,POME,Production of meat products nec,i15.d,15,,10,10,100010,Production of meat and meat products,many-to-one,high,"NACE rev.2 10.1, DST 'Production of meat and meat products'",5,1.000000,1.000000,NACE 10 (PCAT),many-to-one
38,VOIL,Processing vegetable oils and fats,i15.e,15,,10,10,100050,Other manufacture of food products,many-to-one,high,"NACE rev.2 10.4 oils and fats, DST other manufacture of food products",6,1.000000,1.000000,NACE 10 (VOIL),many-to-many
39,DAIR,Processing of dairy products,i15.f,15,,10,10,100030,Manufacture of dairy products,one-to-one,high,"NACE rev.2 10.5, DST dairy products",7,1.000000,1.000000,NACE 10 (DAIR),one-to-one
40,RICE,Processed rice,i15.g,15,,10,10,100040,Manufacture of grain mill and bakery products,many-to-one,high,"NACE rev.2 10.61 grain milling, DST 'grain mill and bakery products'",6,1.000000,1.000000,NACE 10 (VOIL),many-to-many
41,SUGR,Sugar refining,i15.h,15,,10,10,100050,Other manufacture of food products,many-to-one,high,"NACE rev.2 10.81 sugar, DST 'Other manufacture of food products'",6,1.000000,1.000000,NACE 10 (VOIL),many-to-many
42,OFOD,Processing of Food products nec,i15.i,15,,10,10,100040;100050,Manufacture of grain mill and bakery products;Other manufacture of food products,one-to-many,medium,"residual food industry: NACE rev.2 10.3 and 10.6-10.9 straddle the DST grain-mill/bakery and other-food split, so a weight is needed",6,0.266923;0.733077,0.173071;0.826929,NACE 10 (VOIL),many-to-many
43,BEVR,Manufacture of beverages,i15.j,15,,11,11,110000,Manufacture of beverages,one-to-one,high,"developer table 11, ISIC rev.3 15.5",8,1.000000,1.000000,NACE 11 (BEVR),one-to-one
44,FSHP,Manufacture of fish products,i15.k,15,,10,10,100020,Processing and preserving of fish,one-to-one,high,"NACE rev.2 10.2, DST 'Processing and preserving of fish'",9,1.000000,1.000000,NACE 10 (FSHP),one-to-one
45,TOBC,Manufacture of tobacco products (16),i16,16,16,12,12,120000,Manufacture of tobacco products,one-to-one,high,ISIC rev.3 16 = NACE rev.2 12,10,1.000000,1.000000,NACE 12 (TOBC),one-to-one
46,TEXT,Manufacture of textiles (17),i17,17,17,13 14,13,130000,Manufacture of textiles,one-to-one,high,"ISIC rev.3 17 -> NACE rev.2 13; the developer table also lists 14 for knitted apparel NACE 14.3, which GARM covers",11,1.000000,1.000000,NACE 13 (TEXT),one-to-one
47,GARM,Manufacture of wearing apparel; dressing and dyeing of fur (18),i18,18,18,14,14,140000,Manufacture of wearing apparel,one-to-one,high,ISIC rev.3 18 -> NACE rev.2 14,12,1.000000,1.000000,NACE 14 (GARM),one-to-one
48,LETH,"Tanning and dressing of leather; manufacture of luggage, handbags, saddlery, harness and footwear (19)",i19,19,19,15,15,150000,Manufacture of leather and footwear,one-to-one,high,ISIC rev.3 19 -> NACE rev.2 15,13,1.000000,1.000000,NACE 15 (LETH),one-to-one
49,WOOD,"Manufacture of wood and of products of wood and cork, except furniture; manufacture of articles of straw and plaiting materials (20)",i20,20,20,16,16,160000,Manufacture of wood and wood products,many-to-one,high,ISIC rev.3 20 -> NACE rev.2 16,14,1.000000,1.000000,NACE 16 (WOOD),many-to-one
50,WOOW,Re-processing of secondary wood material into new wood material,i20.w,20,20,16,16,160000,Manufacture of wood and wood products,many-to-one,medium,"EXIOBASE hybrid wood re-processing, developer table 16; NACE rev.2 would place materials recovery in 38.32, DST separates neither",14,1.000000,1.000000,NACE 16 (WOOD),many-to-one
51,PULP,Pulp,i21.1,21,21,17,17,170000,Manufacture of paper and paper products,many-to-one,high,ISIC rev.3 21 -> NACE rev.2 17,15,1.000000,1.000000,NACE 17 (PULP),many-to-one
52,PAPR,Re-processing of secondary paper into new pulp,i21.w.1,21,21,17,17,170000,Manufacture of paper and paper products,many-to-one,medium,"EXIOBASE hybrid paper re-processing, developer table 17",15,1.000000,1.000000,NACE 17 (PULP),many-to-one
53,PAPE,Paper,i21.2,21,21,17,17,170000,Manufacture of paper and paper products,many-to-one,high,ISIC rev.3 21 -> NACE rev.2 17,15,1.000000,1.000000,NACE 17 (PULP),many-to-one
54,MDIA,"Publishing, printing and reproduction of recorded media (22)",i22,22,22,18 58 59,18;58;59,180000;580010;590000,"Printing etc.;Publishing;Motion picture and television programme production, and sound recording activities",one-to-many,medium,"ISIC rev.3 22 splits in NACE rev.2 into 18 printing, 58.1 book and news publishing and 59.2 sound recording, developer table 18 58 59; software publishing NACE 58.2 came from ISIC 72 and is left to COMP",16,0.178529;0.369456;0.452015,0.488760;0.248758;0.262483,NACE 18;58;59;60;90;91;92;93 (RECR),many-to-many
55,COKE,Manufacture of coke oven products,i23.1,23,23,19,19,190000,Oil refinery etc.,many-to-one,high,"ISIC rev.3 23.1 and 23.2 -> NACE rev.2 19, DST 'Oil refinery etc.'",17,1.000000,1.000000,NACE 19 (COKE),many-to-one
56,REFN,Petroleum Refinery,i23.2,23,23,19,19,190000,Oil refinery etc.,many-to-one,high,"ISIC rev.3 23.1 and 23.2 -> NACE rev.2 19, DST 'Oil refinery etc.'",17,1.000000,1.000000,NACE 19 (COKE),many-to-one
57,NUCF,Processing of nuclear fuel,i23.3,23,23,24,24,240000,Manufacture of basic metals,many-to-one,low,"developer table 24: NACE rev.2 places processing of nuclear fuel in 24.46; there is no Danish activity, so the assignment rests on the classification alone",18,1.000000,1.000000,NACE 24 (STEL),many-to-one
58,PLAS,"Plastics, basic",i24.a,24,,20,20,200010,Manufacture of basic chemicals,many-to-one,high,"developer table 20, NACE rev.2 20.15-20.16, DST 'basic chemicals'",19,1.000000,1.000000,NACE 20;21 (PLAS),many-to-many
59,PLAW,Re-processing of secondary plastic into new plastic,i24.a.w,24,,20,20,200010,Manufacture of basic chemicals,many-to-one,medium,"EXIOBASE hybrid plastic re-processing, developer table 20",19,1.000000,1.000000,NACE 20;21 (PLAS),many-to-many
60,NFER,N-fertiliser,i24.b,24,,20,20,200010,Manufacture of basic chemicals,many-to-one,high,"developer table 20, NACE rev.2 20.15-20.16, DST 'basic chemicals'",19,1.000000,1.000000,NACE 20;21 (PLAS),many-to-many
61,PFER,P- and other fertiliser,i24.c,24,,20,20,200010,Manufacture of basic chemicals,many-to-one,high,"developer table 20, NACE rev.2 20.15-20.16, DST 'basic chemicals'",19,1.000000,1.000000,NACE 20;21 (PLAS),many-to-many
62,CHEM,Chemicals nec,i24.d,24,,20 21,20;21,200010;200020;210000,Manufacture of basic chemicals;Manufacture of paints and soap etc.;Pharmaceuticals,one-to-many,high,"developer table 20 21: the EXIOBASE residual chemical industry is the only source for DST pharmaceuticals 210000 and paints and soap 200020, which is the pharma-proxy problem this study documents",19,0.085290;0.144093;0.770618,0.185724;0.312977;0.501298,NACE 20;21 (PLAS),many-to-many
63,RUBP,Manufacture of rubber and plastic products (25),i25,25,25,22,22,220000,Manufacture of rubber and plastic products,one-to-one,high,ISIC rev.3 25 -> NACE rev.2 22,20,1.000000,1.000000,NACE 22 (RUBP),one-to-one
64,GLAS,Manufacture of glass and glass products,i26.a,26,26,23,23,230010,Manufacture of glass and ceramic products,many-to-one,high,"NACE rev.2 23.1 glass and 23.2/23.4 ceramics, DST 'glass and ceramic products'",21,1.000000,1.000000,NACE 23 (GLAS),many-to-one
65,GLAW,Re-processing of secondary glass into new glass,i26.a.w,26,,,23,230010,Manufacture of glass and ceramic products,many-to-one,medium,"no developer-table entry; assigned by analogy with GLAS, the industry whose material it re-supplies",21,1.000000,1.000000,NACE 23 (GLAS),many-to-one
66,CRMC,Manufacture of ceramic goods,i26.b,26,26,23,23,230010,Manufacture of glass and ceramic products,many-to-one,high,"NACE rev.2 23.1 glass and 23.2/23.4 ceramics, DST 'glass and ceramic products'",21,1.000000,1.000000,NACE 23 (GLAS),many-to-one
67,BRIK,"Manufacture of bricks, tiles and construction products, in baked clay",i26.c,26,26,23,23,230020,Manufacture of concrete and bricks,many-to-one,high,"NACE rev.2 23.3 clay building materials, 23.5 cement, lime and plaster and 23.6-23.9, DST 'Manufacture of concrete and bricks'",22,1.000000,1.000000,NACE 23 (BRIK),many-to-one
68,CMNT,"Manufacture of cement, lime and plaster",i26.d,26,26,23,23,230020,Manufacture of concrete and bricks,many-to-one,high,"NACE rev.2 23.3 clay building materials, 23.5 cement, lime and plaster and 23.6-23.9, DST 'Manufacture of concrete and bricks'",22,1.000000,1.000000,NACE 23 (BRIK),many-to-one
69,ASHW,Re-processing of ash into clinker,i26.d.w,26,26,,23,230020,Manufacture of concrete and bricks,many-to-one,medium,"no developer-table entry; assigned by analogy with CMNT, since clinker is NACE rev.2 23.5",22,1.000000,1.000000,NACE 23 (BRIK),many-to-one
70,ONMM,Manufacture of other non-metallic mineral products n.e.c.,i26.e,26,26,23,23,230020,Manufacture of concrete and bricks,many-to-one,high,"NACE rev.2 23.3 clay building materials, 23.5 cement, lime and plaster and 23.6-23.9, DST 'Manufacture of concrete and bricks'",22,1.000000,1.000000,NACE 23 (BRIK),many-to-one
71,STEL,Manufacture of basic iron and steel and of ferro-alloys and first products thereof,i27.a,27,27,24,24,240000,Manufacture of basic metals,many-to-one,high,"ISIC rev.3 27 -> NACE rev.2 24, developer table 24",18,1.000000,1.000000,NACE 24 (STEL),many-to-one
72,STEW,Re-processing of secondary steel into new steel,i27.a.w,27,27,24,24,240000,Manufacture of basic metals,many-to-one,medium,"EXIOBASE hybrid secondary-metal activities, developer table 24",18,1.000000,1.000000,NACE 24 (STEL),many-to-one
73,PREM,Precious metals production,i27.41,27,27,24,24,240000,Manufacture of basic metals,many-to-one,high,"ISIC rev.3 27 -> NACE rev.2 24, developer table 24",18,1.000000,1.000000,NACE 24 (STEL),many-to-one
74,PREW,Re-processing of secondary preciuos metals into new preciuos metals,i27.41.w,27,27,24,24,240000,Manufacture of basic metals,many-to-one,medium,"EXIOBASE hybrid secondary-metal activities, developer table 24",18,1.000000,1.000000,NACE 24 (STEL),many-to-one
75,ALUM,Aluminium production,i27.42,27,27,24,24,240000,Manufacture of basic metals,many-to-one,high,"ISIC rev.3 27 -> NACE rev.2 24, developer table 24",18,1.000000,1.000000,NACE 24 (STEL),many-to-one
76,ALUW,Re-processing of secondary aluminium into new aluminium,i27.42.w,27,27,24,24,240000,Manufacture of basic metals,many-to-one,medium,"EXIOBASE hybrid secondary-metal activities, developer table 24",18,1.000000,1.000000,NACE 24 (STEL),many-to-one
77,LZTP,"Lead, zinc and tin production",i27.43,27,27,24,24,240000,Manufacture of basic metals,many-to-one,high,"ISIC rev.3 27 -> NACE rev.2 24, developer table 24",18,1.000000,1.000000,NACE 24 (STEL),many-to-one
78,LZTW,"Re-processing of secondary lead into new lead, zinc and tin",i27.43.w,27,27,24,24,240000,Manufacture of basic metals,many-to-one,medium,"EXIOBASE hybrid secondary-metal activities, developer table 24",18,1.000000,1.000000,NACE 24 (STEL),many-to-one
79,COPP,Copper production,i27.44,27,27,24,24,240000,Manufacture of basic metals,many-to-one,high,"ISIC rev.3 27 -> NACE rev.2 24, developer table 24",18,1.000000,1.000000,NACE 24 (STEL),many-to-one
80,COPW,Re-processing of secondary copper into new copper,i27.44.w,27,27,24,24,240000,Manufacture of basic metals,many-to-one,medium,"EXIOBASE hybrid secondary-metal activities, developer table 24",18,1.000000,1.000000,NACE 24 (STEL),many-to-one
81,ONFM,Other non-ferrous metal production,i27.45,27,27,24,24,240000,Manufacture of basic metals,many-to-one,high,"ISIC rev.3 27 -> NACE rev.2 24, developer table 24",18,1.000000,1.000000,NACE 24 (STEL),many-to-one
82,ONFW,Re-processing of secondary other non-ferrous metals into new other non-ferrous metals,i27.45.w,27,27,24,24,240000,Manufacture of basic metals,many-to-one,medium,"EXIOBASE hybrid secondary-metal activities, developer table 24",18,1.000000,1.000000,NACE 24 (STEL),many-to-one
83,METC,Casting of metals,i27.5,27,27,24,24,240000,Manufacture of basic metals,many-to-one,high,"ISIC rev.3 27 -> NACE rev.2 24, developer table 24",18,1.000000,1.000000,NACE 24 (STEL),many-to-one
84,FABM,"Manufacture of fabricated metal products, except machinery and equipment (28)",i28,28,28,25 33,25,250000,Manufacture of fabricated metal products,one-to-one,high,"ISIC rev.3 28 -> NACE rev.2 25; the developer table also lists 33, the repair and installation division NACE rev.2 created, which no EXIOBASE industry can supply on its own",23,1.000000,1.000000,NACE 25 (FABM),one-to-one
85,MACH,Manufacture of machinery and equipment n.e.c. (29),i29,29,29,25 27 28 33 95,28,280010;280020,"Manufacture of engines, windmills and pumps;Manufacture of other machinery",one-to-many,high,"ISIC rev.3 29 -> NACE rev.2 28, which DST splits into engines, windmills and pumps and other machinery; agrees with the seed group",24,0.579968;0.420032,0.428786;0.571214,NACE 28 (MACH),one-to-many
86,OFMA,Manufacture of office machinery and computers (30),i30,30,30,26 28 33,26,260010,Manufacture of computers and communication equipment etc.,many-to-one,high,"ISIC rev.3 30 -> NACE rev.2 26.2 computers, DST 'computers and communication equipment etc.'",25,1.000000,1.000000,NACE 26;32 (OFMA),many-to-many
87,ELMA,Manufacture of electrical machinery and apparatus n.e.c. (31),i31,31,31,26 27 28 29 33,27,270010;270020;270030,"Manufacture of electric motors, etc.;Manufacture of wires and cables;Manufacture of household appliances, lamps, etc.",one-to-many,high,"ISIC rev.3 31 -> NACE rev.2 27, which DST splits three ways; agrees with the seed group",26,0.440128;0.131552;0.428320,0.268627;0.241494;0.489879,NACE 27 (ELMA),one-to-many
88,RATV,"Manufacture of radio, television and communication equipment and apparatus (32)",i32,32,32,26 27 28 33 95,26,260010;260020,Manufacture of computers and communication equipment etc.;Manufacture of other electronic products,one-to-many,high,"ISIC rev.3 32 -> NACE rev.2 26.1 components, 26.3 communication equipment and 26.4 consumer electronics, straddling the DST split",25,0.208151;0.791849,0.722992;0.277008,NACE 26;32 (OFMA),many-to-many
89,MEIN,"Manufacture of medical, precision and optical instruments, watches and clocks (33)",i33,33,33,26 28 32 33,26;32,260020;320010,"Manufacture of other electronic products;Manufacture of medical instruments, etc.",one-to-many,high,ISIC rev.3 33 -> NACE rev.2 26.5-26.7 instruments = DST 260020 and 32.5 medical and dental instruments = DST 320010; the seed group names 26 only,25,0.755555;0.244445,0.680598;0.319402,NACE 26;32 (OFMA),many-to-many
90,MOTO,"Manufacture of motor vehicles, trailers and semi-trailers (34)",i34,34,34,29 30,29,290000,Manufacture of motor vehicles and related parts,one-to-one,high,ISIC rev.3 34 -> NACE rev.2 29,27,1.000000,1.000000,NACE 29 (MOTO),one-to-one
91,OTRE,Manufacture of other transport equipment (35),i35,35,35,28 30 33,30,300000,Manufacture of ships and other transport equipment,one-to-one,high,"ISIC rev.3 35 -> NACE rev.2 30, DST 'ships and other transport equipment'",28,1.000000,1.000000,NACE 30 (OTRE),one-to-one
92,FURN,Manufacture of furniture; manufacturing n.e.c. (36),i36,36,36,26 31 32 33 95,31;32,310000;320020,Manufacture of furniture;Manufacture of toys and other manufacturing,one-to-many,high,"ISIC rev.3 36 -> NACE rev.2 31 furniture and 32.1-32.9 other manufacturing, which DST separates",29,0.369020;0.630980,0.503767;0.496233,NACE 31;32 (FURN),one-to-many
93,RYMS,Recycling of waste and scrap,i37,37,37,38,38,383900,Waste management and materials recovery,many-to-one,high,"ISIC rev.3 37 -> NACE rev.2 38.3, developer table 38; DST 383900 spans NACE 38 and 39",30,1.000000,1.000000,NACE 38 (RYMS),many-to-one
94,BOTW,Recycling of bottles by direct reuse,i37.w.1,37,37,38,38,383900,Waste management and materials recovery,many-to-one,high,"ISIC rev.3 37 -> NACE rev.2 38.3, developer table 38; DST 383900 spans NACE 38 and 39",30,1.000000,1.000000,NACE 38 (RYMS),many-to-one
95,POWC,Production of electricity by coal,i40.11.a,40,40,35,35,350010,Production and distribution of electricity,many-to-one,high,"NACE rev.2 35.1, DST 'Production and distribution of electricity'; EXIOBASE's fourteen generation, transmission and distribution activities have no DST counterpart individually",31,1.000000,1.000000,NACE 35 (POWC),many-to-one
96,POWG,Production of electricity by gas,i40.11.b,40,40,35,35,350010,Production and distribution of electricity,many-to-one,high,"NACE rev.2 35.1, DST 'Production and distribution of electricity'; EXIOBASE's fourteen generation, transmission and distribution activities have no DST counterpart individually",31,1.000000,1.000000,NACE 35 (POWC),many-to-one
97,POWN,Production of electricity by nuclear,i40.11.c,40,40,35,35,350010,Production and distribution of electricity,many-to-one,high,"NACE rev.2 35.1, DST 'Production and distribution of electricity'; EXIOBASE's fourteen generation, transmission and distribution activities have no DST counterpart individually",31,1.000000,1.000000,NACE 35 (POWC),many-to-one
98,POWH,Production of electricity by hydro,i40.11.d,40,40,35,35,350010,Production and distribution of electricity,many-to-one,high,"NACE rev.2 35.1, DST 'Production and distribution of electricity'; EXIOBASE's fourteen generation, transmission and distribution activities have no DST counterpart individually",31,1.000000,1.000000,NACE 35 (POWC),many-to-one
99,POWW,Production of electricity by wind,i40.11.e,40,40,35,35,350010,Production and distribution of electricity,many-to-one,high,"NACE rev.2 35.1, DST 'Production and distribution of electricity'; EXIOBASE's fourteen generation, transmission and distribution activities have no DST counterpart individually",31,1.000000,1.000000,NACE 35 (POWC),many-to-one
100,POWP,Production of electricity by petroleum and other oil derivatives,i40.11.f,40,40,35,35,350010,Production and distribution of electricity,many-to-one,high,"NACE rev.2 35.1, DST 'Production and distribution of electricity'; EXIOBASE's fourteen generation, transmission and distribution activities have no DST counterpart individually",31,1.000000,1.000000,NACE 35 (POWC),many-to-one
101,POWB,Production of electricity by biomass and waste,i40.11.g,40,40,35,35,350010,Production and distribution of electricity,many-to-one,high,"NACE rev.2 35.1, DST 'Production and distribution of electricity'; EXIOBASE's fourteen generation, transmission and distribution activities have no DST counterpart individually",31,1.000000,1.000000,NACE 35 (POWC),many-to-one
102,POWS,Production of electricity by solar photovoltaic,i40.11.h,40,40,35,35,350010,Production and distribution of electricity,many-to-one,high,"NACE rev.2 35.1, DST 'Production and distribution of electricity'; EXIOBASE's fourteen generation, transmission and distribution activities have no DST counterpart individually",31,1.000000,1.000000,NACE 35 (POWC),many-to-one
103,POWE,Production of electricity by solar thermal,i40.11.i,40,40,35,35,350010,Production and distribution of electricity,many-to-one,high,"NACE rev.2 35.1, DST 'Production and distribution of electricity'; EXIOBASE's fourteen generation, transmission and distribution activities have no DST counterpart individually",31,1.000000,1.000000,NACE 35 (POWC),many-to-one
104,POWO,"Production of electricity by tide, wave, ocean",i40.11.j,40,40,35,35,350010,Production and distribution of electricity,many-to-one,high,"NACE rev.2 35.1, DST 'Production and distribution of electricity'; EXIOBASE's fourteen generation, transmission and distribution activities have no DST counterpart individually",31,1.000000,1.000000,NACE 35 (POWC),many-to-one
105,POWM,Production of electricity by Geothermal,i40.11.k,40,40,35,35,350010,Production and distribution of electricity,many-to-one,high,"NACE rev.2 35.1, DST 'Production and distribution of electricity'; EXIOBASE's fourteen generation, transmission and distribution activities have no DST counterpart individually",31,1.000000,1.000000,NACE 35 (POWC),many-to-one
106,POWZ,Production of electricity nec,i40.11.l,40,40,35,35,350010,Production and distribution of electricity,many-to-one,high,"NACE rev.2 35.1, DST 'Production and distribution of electricity'; EXIOBASE's fourteen generation, transmission and distribution activities have no DST counterpart individually",31,1.000000,1.000000,NACE 35 (POWC),many-to-one
107,POWT,Transmission of electricity,i40.12,40,40,35,35,350010,Production and distribution of electricity,many-to-one,high,"NACE rev.2 35.1, DST 'Production and distribution of electricity'; EXIOBASE's fourteen generation, transmission and distribution activities have no DST counterpart individually",31,1.000000,1.000000,NACE 35 (POWC),many-to-one
108,POWD,Distribution and trade of electricity,i40.13,40,40,35,35,350010,Production and distribution of electricity,many-to-one,high,"NACE rev.2 35.1, DST 'Production and distribution of electricity'; EXIOBASE's fourteen generation, transmission and distribution activities have no DST counterpart individually",31,1.000000,1.000000,NACE 35 (POWC),many-to-one
109,GASD,Manufacture of gas; distribution of gaseous fuels through mains,i40.2,40,,35,35,350020,Manufacture and distribution of gas,one-to-one,high,"NACE rev.2 35.2, DST 'Manufacture and distribution of gas'",32,1.000000,1.000000,NACE 35 (GASD),one-to-one
110,HWAT,Steam and hot water supply,i40.3,40,40,35,35,350030,Steam and hot water supply,one-to-one,high,"NACE rev.2 35.3, DST 'Steam and hot water supply'",33,1.000000,1.000000,NACE 35 (HWAT),one-to-one
111,WATR,"Collection, purification and distribution of water (41)",i41,41,41,36,36,360000,"Water collection, purification and supply",one-to-one,high,ISIC rev.3 41 -> NACE rev.2 36,34,1.000000,1.000000,NACE 36 (WATR),one-to-one
112,CONS,Construction (45),i45,45,45,41 42 43,41;42;43,410009;420000;430003;430004,Construction of new buildings;Civil engeneering;Professionel repair and maintenance of buildings;Own-account repair and maintenance of buildings,one-to-many,high,"ISIC rev.3 45 -> NACE rev.2 41, 42 and 43; agrees with the seed group",35,0.304774;0.243918;0.323111;0.128197,0.052863;0.887092;0.047681;0.012364,NACE 41;42;43 (CONS),many-to-many
113,CONW,Re-processing of secondary construction material into aggregates,i45.w,45,45,41 42 43,41;42;43,410009;420000;430003;430004,Construction of new buildings;Civil engeneering;Professionel repair and maintenance of buildings;Own-account repair and maintenance of buildings,one-to-many,medium,"developer table 41 42 43 for this hybrid construction-aggregate activity, although NACE rev.2 would place materials recovery in 38.32",35,0.304774;0.243918;0.323111;0.128197,0.052863;0.887092;0.047681;0.012364,NACE 41;42;43 (CONS),many-to-many
114,TDMO,"Sale, maintenance, repair of motor vehicles, motor vehicles parts, motorcycles, motor cycles parts and accessoiries",i50.a,50,50,45,45,450010;450020,Sale of motor vehicles;Repair and maintenance of motor vehicles etc.,one-to-many,high,"ISIC rev.3 50.1-50.4 -> NACE rev.2 45, which DST splits into sale and repair of motor vehicles",36,0.555127;0.444873,0.181547;0.818453,NACE 45 (TDMO),one-to-many
115,TDFU,Retail sale of automotive fuel,i50.b,50,50,,47,470000,Retail sale,many-to-one,high,no developer-table entry; NACE rev.1.1 50.5 retail sale of automotive fuel moved to NACE rev.2 47.30,37,1.000000,1.000000,NACE 47;95 (TDFU),many-to-many
116,TDWH,"Wholesale trade and commission trade, except of motor vehicles and motorcycles (51)",i51,51,51,46,46,460000,Wholesale,one-to-one,high,ISIC rev.3 51 -> NACE rev.2 46,38,1.000000,1.000000,NACE 46 (TDWH),one-to-one
117,TDRT,"Retail trade, except of motor vehicles and motorcycles; repair of personal and household goods (52)",i52,52,52,47 95,47;95,470000;950000,Retail sale;Repair of personal goods,one-to-many,high,"ISIC rev.3 52 -> NACE rev.2 47 retail trade and 95.2 repair of personal and household goods, developer table 47 95",37,0.961085;0.038915,0.666340;0.333660,NACE 47;95 (TDFU),many-to-many
118,HORE,Hotels and restaurants (55),i55,55,55,55 56,55;56,550000;560000,Hotels and similar accommodation;Restaurants,one-to-many,high,ISIC rev.3 55 -> NACE rev.2 55 accommodation and 56 food service,39,0.241763;0.758237,0.887818;0.112182,NACE 55;56 (HORE),one-to-many
119,TRAI,Transport via railways,i60.1,60,60,49,49,490010;490020,"Passenger rail transport, interurban;Transport by suburban trains, buses and taxi operation, etc.",one-to-many,medium,"ISIC rev.3 60.1 rail -> NACE rev.2 49.1/49.2 = DST 490010 and the suburban-rail part of 49.31 = DST 490020, so a weight is needed",40,0.229454;0.770546,0.833939;0.166061,NACE 49 (TLND),many-to-many
120,TLND,Other land transport,i60.2,60,60,49,49,490020;490030,"Transport by suburban trains, buses and taxi operation, etc.;Freight transport by road and via pipeline",one-to-many,high,ISIC rev.3 60.2 other land transport -> NACE rev.2 49.3 passenger and 49.4 road freight,40,0.321011;0.678989,0.003787;0.996213,NACE 49 (TLND),many-to-many
121,TPIP,Transport via pipelines,i60.3,60,60,49,49,490030,Freight transport by road and via pipeline,many-to-one,high,"ISIC rev.3 60.3 -> NACE rev.2 49.5, and DST 490030 is named 'Freight transport by road and via pipeline'",40,1.000000,1.000000,NACE 49 (TLND),many-to-many
122,TWAS,Sea and coastal water transport,i61.1,61,61,50,50,500000,Water transport,many-to-one,high,ISIC rev.3 61.1 and 61.2 -> NACE rev.2 50; DST has one water-transport industry; agrees with the seed group,41,1.000000,1.000000,NACE 50 (TWAS),many-to-one
123,TWAI,Inland water transport,i61.2,61,61,50,50,500000,Water transport,many-to-one,high,ISIC rev.3 61.1 and 61.2 -> NACE rev.2 50; DST has one water-transport industry; agrees with the seed group,41,1.000000,1.000000,NACE 50 (TWAS),many-to-one
124,TAIR,Air transport (62),i62,62,62,51,51,510000,Air transport,one-to-one,high,ISIC rev.3 62 -> NACE rev.2 51,42,1.000000,1.000000,NACE 51 (TAIR),one-to-one
125,TAUX,Supporting and auxiliary transport activities; activities of travel agencies (63),i63,63,63,52 79,52;79,520000;790000,Support activities for transportation;Travel agent activities,one-to-many,high,"ISIC rev.3 63 -> NACE rev.2 52 support activities for transportation and 79 travel agencies, developer table 52 79",43,0.862135;0.137865,1.000000;0.000000,NACE 52;79 (TAUX),one-to-many
126,PTEL,Post and telecommunications (64),i64,64,64,53 61,53;61,530000;610000,Postal and courier activities;Telecommunications,one-to-many,high,"ISIC rev.3 64 -> NACE rev.2 53 postal and courier and 61 telecommunications, developer table 53 61; the seed group names 61 only",44,0.279671;0.720329,0.085636;0.914364,NACE 53;61 (PTEL),one-to-many
127,FINT,"Financial intermediation, except insurance and pension funding (65)",i65,65,65,64,64,640010;640020,"Monetary intermediation;Mortgage credit institutes, etc.",one-to-many,high,"ISIC rev.3 65 -> NACE rev.2 64, which DST splits into monetary intermediation and mortgage credit",45,0.540389;0.459611,0.817585;0.182415,NACE 64 (FINT),one-to-many
128,FINS,"Insurance and pension funding, except compulsory social security (66)",i66,66,66,65,65,650000,Insurance and pension funding,one-to-one,high,ISIC rev.3 66 -> NACE rev.2 65,46,1.000000,1.000000,NACE 65 (FINS),one-to-one
129,FAUX,Activities auxiliary to financial intermediation (67),i67,67,67,66,66,660000,Other financial activities,one-to-one,high,ISIC rev.3 67 -> NACE rev.2 66,47,1.000000,1.000000,NACE 66 (FAUX),one-to-one
130,REAL,Real estate activities (70),i70,70,70,68,68,680010;680030;680023;680024,Buying and selling of real estate;Renting of non-residential buildings;Renting of residential buildings;Owner-occupied dwellings,one-to-many,high,"ISIC rev.3 70 -> NACE rev.2 68, which DST splits four ways including owner-occupied dwellings",48,0.066869;0.234596;0.302149;0.396386,0.810220;0.189780;0.000000;0.000000,NACE 68 (REAL),one-to-many
131,MARE,Renting of machinery and equipment without operator and of personal and household goods (71),i71,71,71,77,77,770000,Rental and leasing activities,one-to-one,high,ISIC rev.3 71 -> NACE rev.2 77,49,1.000000,1.000000,NACE 77 (MARE),one-to-one
132,COMP,Computer and related activities (72),i72,72,72,58 62 63 95,58;62;63,580020;620000;630000,Publishing of computer games and other software;Information technology service activities;Information service activities,one-to-many,high,"ISIC rev.3 72 -> NACE rev.2 62 IT services, 63.1 information services and 58.2 software publishing, developer table 58 62 63",50,0.139536;0.721499;0.138965,0.175238;0.728560;0.096202,NACE 58;62;63 (COMP),one-to-many
133,RESD,Research and development (73),i73,73,73,72,72,720001;720002,Scientific research and development (market);Scientific research and development (non-market),one-to-many,high,"ISIC rev.3 73 -> NACE rev.2 72, which DST splits into market and non-market research",51,0.941849;0.058151,1.000000;0.000000,NACE 72 (RESD),one-to-many
134,OBUS,Other business activities (74),i74,74,74,63 64 69 70 71 73 74 77 78 80 81 82 85,69;70;71;73;74;78;80;81;82,690010;690020;700000;710000;730000;740000;780000;800000;810000;820000,"Legal activities;Accounting and bookkeeping activities;Business consultancy activities;Architectural and engineering activities;Advertising and market research;Other technical business services;Employment activities;Security and investigation activities;Services to buildings, cleaning and landscape activities;Other business service activities",one-to-many,high,"ISIC rev.3 74 is the largest split in NACE rev.2: divisions 69 legal and accounting, 70 management consultancy, 71 architecture and engineering, 73 advertising, 74 other professional, 78 employment, 80 security, 81 building services and 82 business support, all listed in the developer table",52,0.055354;0.075144;0.190899;0.248664;0.063429;0.073148;0.101553;0.017427;0.095010;0.079371,0.023488;0.056998;0.107240;0.151278;0.500367;0.013358;0.014928;0.007223;0.002633;0.122485,NACE 69;70;71;73;74;78;80;81;82 (OBUS),one-to-many
135,PADF,Public administration and defence; compulsory social security (75),i75,75,75,84,84,840010;840022;840021,"Public administration;Defence, public order, security and justice activities (non-market);Rescue service ect. (market)",one-to-many,high,ISIC rev.3 75 -> NACE rev.2 84; agrees with the seed group,53,0.654246;0.317719;0.028034,0.000000;0.000000;1.000000,NACE 84 (PADF),one-to-many
136,EDUC,Education (80),i80,80,80,85,85,850010;850020;850030;850042;850041,Primary education;Secondary education;Higher education;Adult and other education (non-market);Adult and other education (market),one-to-many,high,"ISIC rev.3 80 -> NACE rev.2 85, which DST splits five ways; agrees with the seed group",54,0.399837;0.212655;0.311687;0.040376;0.035445,0.000000;0.000000;0.000000;0.000000;1.000000,NACE 85 (EDUC),one-to-many
137,HEAL,Health and social work (85),i85,85,85,75 86 87 88,75;86;87;88,750000;860010;860020;870000;880000,Veterinary activities;Hospital activities;Medical and dental practice activities;Residential care activities;Social work activities without accommodation,one-to-many,high,"ISIC rev.3 85 covers human health 85.1, veterinary 85.2 and social work 85.3, which NACE rev.2 splits into 86, 75 and 87/88; developer table 75 86 87 88; the seed group names 86, 87 and 88 only",55,0.011628;0.366894;0.156946;0.220614;0.243919,0.000685;0.766708;0.232607;0.000000;0.000000,NACE 75;86;87;88 (HEAL),one-to-many
138,INCF,Incineration of waste: Food,i90.1.a,90,90,38 39,38,383900,Waste management and materials recovery,many-to-one,high,"developer table 38 39, NACE rev.2 38.2 waste treatment and disposal; EXIOBASE's eighteen fraction-specific treatment activities all land in the single DST industry 383900",30,1.000000,1.000000,NACE 38 (RYMS),many-to-one
139,INCP,Incineration of waste: Paper,i90.1.b,90,90,38 39,38,383900,Waste management and materials recovery,many-to-one,high,"developer table 38 39, NACE rev.2 38.2 waste treatment and disposal; EXIOBASE's eighteen fraction-specific treatment activities all land in the single DST industry 383900",30,1.000000,1.000000,NACE 38 (RYMS),many-to-one
140,INCL,Incineration of waste: Plastic,i90.1.c,90,90,38 39,38,383900,Waste management and materials recovery,many-to-one,high,"developer table 38 39, NACE rev.2 38.2 waste treatment and disposal; EXIOBASE's eighteen fraction-specific treatment activities all land in the single DST industry 383900",30,1.000000,1.000000,NACE 38 (RYMS),many-to-one
141,INCM,Incineration of waste: Metals and Inert materials,i90.1.d,90,90,38 39,38,383900,Waste management and materials recovery,many-to-one,high,"developer table 38 39, NACE rev.2 38.2 waste treatment and disposal; EXIOBASE's eighteen fraction-specific treatment activities all land in the single DST industry 383900",30,1.000000,1.000000,NACE 38 (RYMS),many-to-one
142,INCT,Incineration of waste: Textiles,i90.1.e,90,90,38 39,38,383900,Waste management and materials recovery,many-to-one,high,"developer table 38 39, NACE rev.2 38.2 waste treatment and disposal; EXIOBASE's eighteen fraction-specific treatment activities all land in the single DST industry 383900",30,1.000000,1.000000,NACE 38 (RYMS),many-to-one
143,INCW,Incineration of waste: Wood,i90.1.f,90,90,38 39,38,383900,Waste management and materials recovery,many-to-one,high,"developer table 38 39, NACE rev.2 38.2 waste treatment and disposal; EXIOBASE's eighteen fraction-specific treatment activities all land in the single DST industry 383900",30,1.000000,1.000000,NACE 38 (RYMS),many-to-one
144,INCO,Incineration of waste: Oil/Hazardous waste,i90.1.g,90,90,38 39,38,383900,Waste management and materials recovery,many-to-one,high,"developer table 38 39, NACE rev.2 38.2 waste treatment and disposal; EXIOBASE's eighteen fraction-specific treatment activities all land in the single DST industry 383900",30,1.000000,1.000000,NACE 38 (RYMS),many-to-one
145,BIOF,"Biogasification of food waste, incl. land application",i90.2.a,90,,38 39,38,383900,Waste management and materials recovery,many-to-one,high,"developer table 38 39, NACE rev.2 38.2 waste treatment and disposal; EXIOBASE's eighteen fraction-specific treatment activities all land in the single DST industry 383900",30,1.000000,1.000000,NACE 38 (RYMS),many-to-one
146,BIOP,"Biogasification of paper, incl. land application",i90.2.b,90,,38 39,38,383900,Waste management and materials recovery,many-to-one,high,"developer table 38 39, NACE rev.2 38.2 waste treatment and disposal; EXIOBASE's eighteen fraction-specific treatment activities all land in the single DST industry 383900",30,1.000000,1.000000,NACE 38 (RYMS),many-to-one
147,BIOS,"Biogasification of sewage slugde, incl. land application",i90.2.c,90,,38 39,38,383900,Waste management and materials recovery,many-to-one,high,"developer table 38 39, NACE rev.2 38.2 waste treatment and disposal; EXIOBASE's eighteen fraction-specific treatment activities all land in the single DST industry 383900",30,1.000000,1.000000,NACE 38 (RYMS),many-to-one
148,COMF,"Composting of food waste, incl. land application",i90.3.a,90,90,38 39,38,383900,Waste management and materials recovery,many-to-one,high,"developer table 38 39, NACE rev.2 38.2 waste treatment and disposal; EXIOBASE's eighteen fraction-specific treatment activities all land in the single DST industry 383900",30,1.000000,1.000000,NACE 38 (RYMS),many-to-one
149,COMW,"Composting of paper and wood, incl. land application",i90.3.b,90,90,38 39,38,383900,Waste management and materials recovery,many-to-one,high,"developer table 38 39, NACE rev.2 38.2 waste treatment and disposal; EXIOBASE's eighteen fraction-specific treatment activities all land in the single DST industry 383900",30,1.000000,1.000000,NACE 38 (RYMS),many-to-one
150,WASF,"Waste water treatment, food",i90.4.a,90,90,37,37,370000,Sewerage,many-to-one,high,"developer table 37, NACE rev.2 37 sewerage, DST 'Sewerage'",56,1.000000,1.000000,NACE 37 (WASF),many-to-one
151,WASO,"Waste water treatment, other",i90.4.b,90,90,37,37,370000,Sewerage,many-to-one,high,"developer table 37, NACE rev.2 37 sewerage, DST 'Sewerage'",56,1.000000,1.000000,NACE 37 (WASF),many-to-one
152,LANF,Landfill of waste: Food,i90.5.a,90,90,38 39,38,383900,Waste management and materials recovery,many-to-one,high,"developer table 38 39, NACE rev.2 38.2 waste treatment and disposal; EXIOBASE's eighteen fraction-specific treatment activities all land in the single DST industry 383900",30,1.000000,1.000000,NACE 38 (RYMS),many-to-one
153,LANP,Landfill of waste: Paper,i90.5.b,90,90,38 39,38,383900,Waste management and materials recovery,many-to-one,high,"developer table 38 39, NACE rev.2 38.2 waste treatment and disposal; EXIOBASE's eighteen fraction-specific treatment activities all land in the single DST industry 383900",30,1.000000,1.000000,NACE 38 (RYMS),many-to-one
154,LANL,Landfill of waste: Plastic,i90.5.c,90,,38 39,38,383900,Waste management and materials recovery,many-to-one,high,"developer table 38 39, NACE rev.2 38.2 waste treatment and disposal; EXIOBASE's eighteen fraction-specific treatment activities all land in the single DST industry 383900",30,1.000000,1.000000,NACE 38 (RYMS),many-to-one
155,LANI,Landfill of waste: Inert/metal/hazardous,i90.5.d,90,,38 39,38,383900,Waste management and materials recovery,many-to-one,high,"developer table 38 39, NACE rev.2 38.2 waste treatment and disposal; EXIOBASE's eighteen fraction-specific treatment activities all land in the single DST industry 383900",30,1.000000,1.000000,NACE 38 (RYMS),many-to-one
156,LANT,Landfill of waste: Textiles,i90.5.e,90,,38 39,38,383900,Waste management and materials recovery,many-to-one,high,"developer table 38 39, NACE rev.2 38.2 waste treatment and disposal; EXIOBASE's eighteen fraction-specific treatment activities all land in the single DST industry 383900",30,1.000000,1.000000,NACE 38 (RYMS),many-to-one
157,LANW,Landfill of waste: Wood,i90.5.f,90,,38 39,38,383900,Waste management and materials recovery,many-to-one,high,"developer table 38 39, NACE rev.2 38.2 waste treatment and disposal; EXIOBASE's eighteen fraction-specific treatment activities all land in the single DST industry 383900",30,1.000000,1.000000,NACE 38 (RYMS),many-to-one
158,ORGA,Activities of membership organisation n.e.c. (91),i91,91,91,94,94,940000,Activities of membership organizations,one-to-one,high,ISIC rev.3 91 -> NACE rev.2 94,57,1.000000,1.000000,NACE 94 (ORGA),one-to-one
159,RECR,"Recreational, cultural and sporting activities (92)",i92,92,92,59 60 63 79 90 91 92 93,59;60;90;91;92;93,590000;600000;900000;910001;910002;920000;930011;930012;930020,"Motion picture and television programme production, and sound recording activities;Radio and television broadcasting;Theatres, concerts, and arts activities;Libraries, museums and other cultural activities (market);Libraries, museums and other cultural activities (non-market);Gambling and betting activities;Sports activities (market);Sports activities (non-market);Amusement and recreation activities",one-to-many,high,"ISIC rev.3 92 -> NACE rev.2 59.1 motion picture, 60 broadcasting, 90 creative arts, 91 libraries and museums, 92 gambling and 93 sports and recreation, all listed in the developer table",16,0.192538;0.160170;0.181979;0.024240;0.137177;0.078308;0.085225;0.067251;0.073111,0.133891;0.344719;0.128823;0.000000;0.000000;0.370318;0.022170;0.000000;0.000078,NACE 18;58;59;60;90;91;92;93 (RECR),many-to-many
160,OSER,Other service activities (93),i93,93,93,93 96,96,960000,Other personal service activities,one-to-one,high,ISIC rev.3 93 -> NACE rev.2 96 other personal service activities,58,1.000000,1.000000,NACE 96 (OSER),one-to-one
161,PRHH,Private households with employed persons (95),i95,95,95,97 98,97,970000,Activities of households as employers of domestic personnel,one-to-one,high,"ISIC rev.3 95 -> NACE rev.2 97; NACE rev.2 98, undifferentiated household production, has no DST 117 industry",59,1.000000,1.000000,NACE 97 (PRHH),one-to-one
162,EXTO,Extra-territorial organizations and bodies,i99,99,93,99,,,,unmatched,high,NACE rev.2 99 extra-territorial organisations and bodies lies outside the Danish production boundary and has no DST 117 industry,-1,,,unmatched,unmatched
