producing_country_iso3,producing_country_name,producing_world_region,producing_sector_code,producing_sector_name,producing_sector_group,scope,indicator,unit,value,rank,is_remainder
DNK,Denmark,Denmark,BU_TRAVEL,Bottom-up: patient and visitor travel,Private travel,Outside protocol,blue_water_consumption,Mm3,0.0709,3,False
DNK,Denmark,Denmark,BU_TRAVEL,Bottom-up: patient and visitor travel,Private travel,Outside protocol,climate_change,kt CO2eq,293.4753186512448,3,False
DNK,Denmark,Denmark,BU_TRAVEL,Bottom-up: patient and visitor travel,Private travel,Outside protocol,land_use,km2,0.6451,3,False
DNK,Denmark,Denmark,BU_TRAVEL,Bottom-up: patient and visitor travel,Private travel,Outside protocol,material_extraction,kt,9.9254,3,False
DNK,Denmark,Denmark,HEAL,Health and social work,Operational impact,Scope 1,climate_change,kt CO2eq,164.3446991455533,6,False
DNK,Denmark,Denmark,HEAL,Health and social work,Operational impact,Scope 1,waste_generation,kt,42.71652604695465,6,False
DNK,Denmark,Denmark,HWAT,Steam and hot water supply,"Steam, hot water supply and water distribution",Scope 2,climate_change,kt CO2eq,2.616960208813744,7,False
DNK,Denmark,Denmark,HWAT,Steam and hot water supply,"Steam, hot water supply and water distribution",Scope 2,waste_generation,kt,0.0907109032936598,7,False
CHN,China,Asia and Pacific,POWC,Production of electricity by coal,Electricity,Scope 2,blue_water_consumption,Mm3,2.2164471930573413e-13,13,False
CHN,China,Asia and Pacific,POWC,Production of electricity by coal,Electricity,Scope 2,climate_change,kt CO2eq,2.9701659779650906e-10,13,False
CHN,China,Asia and Pacific,POWC,Production of electricity by coal,Electricity,Scope 2,waste_generation,kt,1.4589906784507756e-11,13,False
OTH,All other origins (beyond top 25),Other,OTHER,All other origin-industry pairs (beyond top 25),Other,Scope 2,blue_water_consumption,Mm3,0.03535587642968436,26,True
OTH,All other origins (beyond top 25),Other,OTHER,All other origin-industry pairs (beyond top 25),Other,Scope 2,climate_change,kt CO2eq,16.975113636472173,26,True
OTH,All other origins (beyond top 25),Other,OTHER,All other origin-industry pairs (beyond top 25),Other,Scope 2,land_use,km2,0.09330395318134467,26,True
OTH,All other origins (beyond top 25),Other,OTHER,All other origin-industry pairs (beyond top 25),Other,Scope 2,material_extraction,kt,0.20350716048883244,26,True
OTH,All other origins (beyond top 25),Other,OTHER,All other origin-industry pairs (beyond top 25),Other,Scope 2,waste_generation,kt,8.509224454687763,26,True
DNK,Denmark,Denmark,TWAS,Sea and coastal water transport,Transport,Scope 3,blue_water_consumption,Mm3,1.694571776395062e-05,1,False
DNK,Denmark,Denmark,TWAS,Sea and coastal water transport,Transport,Scope 3,climate_change,kt CO2eq,1498.5423120564467,1,False
DNK,Denmark,Denmark,TWAS,Sea and coastal water transport,Transport,Scope 3,waste_generation,kt,0.0008801629415581,1,False
DNK,Denmark,Denmark,BU_COMMUTE,Bottom-up: employee commuting,Private travel,Scope 3,blue_water_consumption,Mm3,0.0915,2,False
DNK,Denmark,Denmark,BU_COMMUTE,Bottom-up: employee commuting,Private travel,Scope 3,climate_change,kt CO2eq,327.9446,2,False
DNK,Denmark,Denmark,BU_COMMUTE,Bottom-up: employee commuting,Private travel,Scope 3,land_use,km2,0.8807,2,False
DNK,Denmark,Denmark,BU_COMMUTE,Bottom-up: employee commuting,Private travel,Scope 3,material_extraction,kt,13.5083,2,False
RoW Asia and Pacific,RoW Asia and Pacific,Asia and Pacific,TWAS,Sea and coastal water transport,Transport,Scope 3,blue_water_consumption,Mm3,0.003723000423863,4,False
RoW Asia and Pacific,RoW Asia and Pacific,Asia and Pacific,TWAS,Sea and coastal water transport,Transport,Scope 3,climate_change,kt CO2eq,277.173742972443,4,False
RoW Asia and Pacific,RoW Asia and Pacific,Asia and Pacific,TWAS,Sea and coastal water transport,Transport,Scope 3,material_extraction,kt,5.369244715286674,4,False
RoW Asia and Pacific,RoW Asia and Pacific,Asia and Pacific,TWAS,Sea and coastal water transport,Transport,Scope 3,waste_generation,kt,0.2944892443420034,4,False
DEU,Germany,Europe,TWAS,Sea and coastal water transport,Transport,Scope 3,climate_change,kt CO2eq,206.75045269479293,5,False
DEU,Germany,Europe,TWAS,Sea and coastal water transport,Transport,Scope 3,waste_generation,kt,0.0001176844999988,5,False
DNK,Denmark,Denmark,HEAL,Health and social work,Operational impact,Scope 3,climate_change,kt CO2eq,12.8,6,False
DNK,Denmark,Denmark,HWAT,Steam and hot water supply,"Steam, hot water supply and water distribution",Scope 3,climate_change,kt CO2eq,148.05562395067415,7,False
DNK,Denmark,Denmark,HWAT,Steam and hot water supply,"Steam, hot water supply and water distribution",Scope 3,waste_generation,kt,5.132007487557463,7,False
DNK,Denmark,Denmark,CHEM,Chemicals nec,Chemical,Scope 3,blue_water_consumption,Mm3,0.1794561449831545,8,False
DNK,Denmark,Denmark,CHEM,Chemicals nec,Chemical,Scope 3,climate_change,kt CO2eq,120.3860491051375,8,False
DNK,Denmark,Denmark,CHEM,Chemicals nec,Chemical,Scope 3,land_use,km2,0.0003594518877123,8,False
DNK,Denmark,Denmark,CHEM,Chemicals nec,Chemical,Scope 3,material_extraction,kt,1.6970069370844163,8,False
DNK,Denmark,Denmark,CHEM,Chemicals nec,Chemical,Scope 3,waste_generation,kt,51.82105358237515,8,False
JPN,Japan,Asia and Pacific,TWAS,Sea and coastal water transport,Transport,Scope 3,climate_change,kt CO2eq,90.93490675007112,9,False
JPN,Japan,Asia and Pacific,TWAS,Sea and coastal water transport,Transport,Scope 3,waste_generation,kt,9.17695005220025e-05,9,False
RoW Middle East,RoW Middle East,Middle East,TWAS,Sea and coastal water transport,Transport,Scope 3,blue_water_consumption,Mm3,0.0001226807563652,10,False
RoW Middle East,RoW Middle East,Middle East,TWAS,Sea and coastal water transport,Transport,Scope 3,climate_change,kt CO2eq,83.57962132777644,10,False
RoW Middle East,RoW Middle East,Middle East,TWAS,Sea and coastal water transport,Transport,Scope 3,material_extraction,kt,5.233182652595469e-07,10,False
RoW Middle East,RoW Middle East,Middle East,TWAS,Sea and coastal water transport,Transport,Scope 3,waste_generation,kt,0.0367791299864768,10,False
CHN,China,Asia and Pacific,TWAS,Sea and coastal water transport,Transport,Scope 3,climate_change,kt CO2eq,78.06527961521236,11,False
CHN,China,Asia and Pacific,TWAS,Sea and coastal water transport,Transport,Scope 3,waste_generation,kt,0.0383698243247614,11,False
DNK,Denmark,Denmark,LANF,Landfill of waste: Food,Waste management and disposal,Scope 3,climate_change,kt CO2eq,60.360445271667594,12,False
DNK,Denmark,Denmark,LANF,Landfill of waste: Food,Waste management and disposal,Scope 3,waste_generation,kt,0.0001951024745659,12,False
CHN,China,Asia and Pacific,POWC,Production of electricity by coal,Electricity,Scope 3,blue_water_consumption,Mm3,0.0427054603219751,13,False
CHN,China,Asia and Pacific,POWC,Production of electricity by coal,Electricity,Scope 3,climate_change,kt CO2eq,57.22775878395911,13,False
CHN,China,Asia and Pacific,POWC,Production of electricity by coal,Electricity,Scope 3,waste_generation,kt,2.811114504504204,13,False
DNK,Denmark,Denmark,MILK,Raw milk,Food and catering,Scope 3,blue_water_consumption,Mm3,0.087212784627684,14,False
DNK,Denmark,Denmark,MILK,Raw milk,Food and catering,Scope 3,climate_change,kt CO2eq,54.3923413343449,14,False
DNK,Denmark,Denmark,MILK,Raw milk,Food and catering,Scope 3,land_use,km2,65.92980892039184,14,False
DNK,Denmark,Denmark,MILK,Raw milk,Food and catering,Scope 3,waste_generation,kt,0.3890953083671093,14,False
GBR,United Kingdom,Europe,TWAS,Sea and coastal water transport,Transport,Scope 3,climate_change,kt CO2eq,52.39483519151858,15,False
GBR,United Kingdom,Europe,TWAS,Sea and coastal water transport,Transport,Scope 3,waste_generation,kt,0.0004720368508283,15,False
KOR,South Korea,Asia and Pacific,TWAS,Sea and coastal water transport,Transport,Scope 3,climate_change,kt CO2eq,52.05231185345205,16,False
KOR,South Korea,Asia and Pacific,TWAS,Sea and coastal water transport,Transport,Scope 3,waste_generation,kt,0.00019995101833,16,False
DNK,Denmark,Denmark,INCT,Incineration of waste: Textiles,Waste management and disposal,Scope 3,climate_change,kt CO2eq,51.38645587525783,17,False
DNK,Denmark,Denmark,INCT,Incineration of waste: Textiles,Waste management and disposal,Scope 3,waste_generation,kt,0.4100464651227719,17,False
GRC,Greece,Europe,TWAS,Sea and coastal water transport,Transport,Scope 3,blue_water_consumption,Mm3,2.2612814209171516e-08,18,False
GRC,Greece,Europe,TWAS,Sea and coastal water transport,Transport,Scope 3,climate_change,kt CO2eq,47.81092418604105,18,False
GRC,Greece,Europe,TWAS,Sea and coastal water transport,Transport,Scope 3,waste_generation,kt,3.311501196296111,18,False
DNK,Denmark,Denmark,INCL,Incineration of waste: Plastic,Waste management and disposal,Scope 3,climate_change,kt CO2eq,47.17930713252514,19,False
DNK,Denmark,Denmark,INCL,Incineration of waste: Plastic,Waste management and disposal,Scope 3,waste_generation,kt,0.519953490564965,19,False
RUS,Russia,Europe,COIL,"Extraction of crude petroleum and services related to crude oil extraction, excluding surveying",Coal and Petroleum,Scope 3,blue_water_consumption,Mm3,0.002217781348133,20,False
RUS,Russia,Europe,COIL,"Extraction of crude petroleum and services related to crude oil extraction, excluding surveying",Coal and Petroleum,Scope 3,climate_change,kt CO2eq,46.37471523198282,20,False
RUS,Russia,Europe,COIL,"Extraction of crude petroleum and services related to crude oil extraction, excluding surveying",Coal and Petroleum,Scope 3,land_use,km2,0.2209153432600509,20,False
RUS,Russia,Europe,COIL,"Extraction of crude petroleum and services related to crude oil extraction, excluding surveying",Coal and Petroleum,Scope 3,material_extraction,kt,0.0702110200395962,20,False
RUS,Russia,Europe,COIL,"Extraction of crude petroleum and services related to crude oil extraction, excluding surveying",Coal and Petroleum,Scope 3,waste_generation,kt,0.0400574696649258,20,False
DNK,Denmark,Denmark,TAIR,Air transport (62),Transport,Scope 3,climate_change,kt CO2eq,45.353786697567784,21,False
DNK,Denmark,Denmark,TAIR,Air transport (62),Transport,Scope 3,waste_generation,kt,0.0001326457038094,21,False
RoW Middle East,RoW Middle East,Middle East,TAUX,Supporting and auxiliary transport activities; activities of travel agencies (63),Services,Scope 3,blue_water_consumption,Mm3,3.437720165819164e-06,22,False
RoW Middle East,RoW Middle East,Middle East,TAUX,Supporting and auxiliary transport activities; activities of travel agencies (63),Services,Scope 3,climate_change,kt CO2eq,34.924393913748496,22,False
RoW Middle East,RoW Middle East,Middle East,TAUX,Supporting and auxiliary transport activities; activities of travel agencies (63),Services,Scope 3,land_use,km2,0.0027412253941268,22,False
RoW Middle East,RoW Middle East,Middle East,TAUX,Supporting and auxiliary transport activities; activities of travel agencies (63),Services,Scope 3,material_extraction,kt,0.199716765565093,22,False
RoW Middle East,RoW Middle East,Middle East,TAUX,Supporting and auxiliary transport activities; activities of travel agencies (63),Services,Scope 3,waste_generation,kt,0.0073250227685937,22,False
DNK,Denmark,Denmark,TDRT,"Retail trade, except of motor vehicles and motorcycles; repair of personal and household goods (52)",Services,Scope 3,climate_change,kt CO2eq,34.77833677154959,23,False
DNK,Denmark,Denmark,TDRT,"Retail trade, except of motor vehicles and motorcycles; repair of personal and household goods (52)",Services,Scope 3,waste_generation,kt,1.0492075303871276e-06,23,False
NOR,Norway,Europe,COIL,"Extraction of crude petroleum and services related to crude oil extraction, excluding surveying",Coal and Petroleum,Scope 3,blue_water_consumption,Mm3,0.002046594165546,24,False
NOR,Norway,Europe,COIL,"Extraction of crude petroleum and services related to crude oil extraction, excluding surveying",Coal and Petroleum,Scope 3,climate_change,kt CO2eq,32.24421932510459,24,False
NOR,Norway,Europe,COIL,"Extraction of crude petroleum and services related to crude oil extraction, excluding surveying",Coal and Petroleum,Scope 3,waste_generation,kt,0.0064154814160679,24,False
FRA,France,Europe,TWAS,Sea and coastal water transport,Transport,Scope 3,climate_change,kt CO2eq,31.561214174450175,25,False
FRA,France,Europe,TWAS,Sea and coastal water transport,Transport,Scope 3,waste_generation,kt,0.0001027810747574,25,False
OTH,All other origins (beyond top 25),Other,OTHER,All other origin-industry pairs (beyond top 25),Other,Scope 3,blue_water_consumption,Mm3,56.96394726732859,26,True
OTH,All other origins (beyond top 25),Other,OTHER,All other origin-industry pairs (beyond top 25),Other,Scope 3,climate_change,kt CO2eq,2389.7287282022744,26,True
OTH,All other origins (beyond top 25),Other,OTHER,All other origin-industry pairs (beyond top 25),Other,Scope 3,land_use,km2,3447.516378950659,26,True
OTH,All other origins (beyond top 25),Other,OTHER,All other origin-industry pairs (beyond top 25),Other,Scope 3,material_extraction,kt,3096.698266929511,26,True
OTH,All other origins (beyond top 25),Other,OTHER,All other origin-industry pairs (beyond top 25),Other,Scope 3,waste_generation,kt,156.3790070501374,26,True
