producing_country_iso3,producing_country_name,producing_world_region,scope,indicator,unit,value,share_of_scope_pct
DNK,Denmark,Denmark,Outside protocol,blue_water_consumption,Mm3,0.0709,100.0
DNK,Denmark,Denmark,Scope 2,blue_water_consumption,Mm3,0.012976325905406,36.70203433121485
HRV,Croatia,Europe,Scope 2,blue_water_consumption,Mm3,0.011695653806219444,33.07980168277372
DEU,Germany,Europe,Scope 2,blue_water_consumption,Mm3,0.002111206629548066,5.971303338310934
RoW Asia and Pacific,RoW Asia and Pacific,Asia and Pacific,Scope 2,blue_water_consumption,Mm3,0.0018740882220989069,5.300641396386646
BEL,Belgium,Europe,Scope 2,blue_water_consumption,Mm3,0.0012911993253799793,3.65200768800009
RoW Europe,RoW Europe,Europe,Scope 2,blue_water_consumption,Mm3,0.0011729248061955173,3.3174819142749095
RUS,Russia,Europe,Scope 2,blue_water_consumption,Mm3,0.0011328279037228328,3.2040724714283213
RoW Middle East,RoW Middle East,Middle East,Scope 2,blue_water_consumption,Mm3,0.0004691381993879012,1.3269030406246058
GBR,United Kingdom,Europe,Scope 2,blue_water_consumption,Mm3,0.00040606337060964596,1.1485031955428333
GRC,Greece,Europe,Scope 2,blue_water_consumption,Mm3,0.00034769690965645675,0.9834204233227689
TUR,Turkey,Middle East,Scope 2,blue_water_consumption,Mm3,0.0002186934533847042,0.6185490941464001
ESP,Spain,Europe,Scope 2,blue_water_consumption,Mm3,0.00020648817389661508,0.5840278752698538
HUN,Hungary,Europe,Scope 2,blue_water_consumption,Mm3,0.00017998463667091277,0.5090656910393304
CAN,Canada,America,Scope 2,blue_water_consumption,Mm3,0.00017685652816530435,0.5002181985671527
SVK,Slovakia,Europe,Scope 2,blue_water_consumption,Mm3,0.00016642729903075545,0.4707203323348584
RoW America,RoW America,America,Scope 2,blue_water_consumption,Mm3,0.0001577364296426294,0.44613921523157885
SVN,Slovenia,Europe,Scope 2,blue_water_consumption,Mm3,0.00013877751497311702,0.39251612174922956
POL,Poland,Europe,Scope 2,blue_water_consumption,Mm3,0.0001321353916227402,0.37372964543730725
NLD,Netherlands,Europe,Scope 2,blue_water_consumption,Mm3,0.00012694615583125248,0.35905249324798016
AUT,Austria,Europe,Scope 2,blue_water_consumption,Mm3,6.112618917010171e-05,0.17288834372777057
LTU,Lithuania,Europe,Scope 2,blue_water_consumption,Mm3,5.416016265922133e-05,0.1531857448551596
ITA,Italy,Europe,Scope 2,blue_water_consumption,Mm3,4.728831866279472e-05,0.13374953031229506
AUS,Australia,Asia and Pacific,Scope 2,blue_water_consumption,Mm3,4.184830960943077e-05,0.11836309500740615
CHE,Switzerland,Europe,Scope 2,blue_water_consumption,Mm3,3.774064184086432e-05,0.10674503265584767
EST,Estonia,Europe,Scope 2,blue_water_consumption,Mm3,3.041773777003832e-05,0.0860330469542802
FIN,Finland,Europe,Scope 2,blue_water_consumption,Mm3,2.664143585324919e-05,0.07535221452101906
BGR,Bulgaria,Europe,Scope 2,blue_water_consumption,Mm3,2.118241618769897e-05,0.059912009902211565
RoW Africa,RoW Africa,Africa,Scope 2,blue_water_consumption,Mm3,1.9164048769466237e-05,0.05420329151636076
SWE,Sweden,Europe,Scope 2,blue_water_consumption,Mm3,1.30268211632964e-05,0.036844854317562827
PRT,Portugal,Europe,Scope 2,blue_water_consumption,Mm3,8.552783787868882e-06,0.02419055798213632
ZAF,South Africa,Africa,Scope 2,blue_water_consumption,Mm3,8.141807216825659e-06,0.023028158368431383
BRA,Brazil,America,Scope 2,blue_water_consumption,Mm3,4.458960224356602e-06,0.012611652360525168
CZE,Czech Republic,Europe,Scope 2,blue_water_consumption,Mm3,6.140051751883272e-07,0.0017366424967730873
LUX,Luxembourg,Europe,Scope 2,blue_water_consumption,Mm3,2.3599693176775242e-07,0.0006674899778983638
NOR,Norway,Europe,Scope 2,blue_water_consumption,Mm3,5.5114856565688024e-08,0.00015588598595471035
IRL,Ireland,Europe,Scope 2,blue_water_consumption,Mm3,2.6271506689233432e-08,7.430591274216442e-05
LVA,Latvia,Europe,Scope 2,blue_water_consumption,Mm3,1.3603836820806952e-08,3.847687624934692e-05
MEX,Mexico,America,Scope 2,blue_water_consumption,Mm3,7.271690437181039e-09,2.0567133872631793e-05
MLT,Malta,Europe,Scope 2,blue_water_consumption,Mm3,3.430279878612762e-09,9.702149189862075e-06
FRA,France,Europe,Scope 2,blue_water_consumption,Mm3,3.7582498079583296e-10,1.0629774135027208e-06
USA,United States,America,Scope 2,blue_water_consumption,Mm3,6.227223301662358e-11,1.7612979596215068e-07
IND,India,Asia and Pacific,Scope 2,blue_water_consumption,Mm3,2.355439152828429e-12,6.66208673259211e-09
CHN,China,Asia and Pacific,Scope 2,blue_water_consumption,Mm3,7.524423414473696e-13,2.1281959816188045e-09
TWN,Taiwan,Asia and Pacific,Scope 2,blue_water_consumption,Mm3,6.136555567741674e-14,1.7356536415969106e-10
JPN,Japan,Asia and Pacific,Scope 2,blue_water_consumption,Mm3,4.201218707201126e-15,1.1882660342277632e-11
RoW Asia and Pacific,RoW Asia and Pacific,Asia and Pacific,Scope 3,blue_water_consumption,Mm3,12.242877591906616,21.339110398743976
RoW Middle East,RoW Middle East,Middle East,Scope 3,blue_water_consumption,Mm3,11.853119512070501,20.65976923634246
IND,India,Asia and Pacific,Scope 3,blue_water_consumption,Mm3,9.167173431101824,15.97821463313758
CHN,China,Asia and Pacific,Scope 3,blue_water_consumption,Mm3,5.17959436430558,9.027937683024414
DNK,Denmark,Denmark,Scope 3,blue_water_consumption,Mm3,5.065408812094918,8.828914366302238
RoW Africa,RoW Africa,Africa,Scope 3,blue_water_consumption,Mm3,2.497299706293524,4.352747442854193
USA,United States,America,Scope 3,blue_water_consumption,Mm3,2.137325105072265,3.7253183357231774
RoW America,RoW America,America,Scope 3,blue_water_consumption,Mm3,1.160718355325346,2.023110738484383
AUS,Australia,Asia and Pacific,Scope 3,blue_water_consumption,Mm3,0.8996843794542292,1.5681333210331836
RoW Europe,RoW Europe,Europe,Scope 3,blue_water_consumption,Mm3,0.8797485817703261,1.5333855924481115
ESP,Spain,Europe,Scope 3,blue_water_consumption,Mm3,0.8613544772577123,1.50132500669659
TUR,Turkey,Middle East,Scope 3,blue_water_consumption,Mm3,0.7967228232145099,1.388673222789753
RUS,Russia,Europe,Scope 3,blue_water_consumption,Mm3,0.5070945710505741,0.8838565078364675
GRC,Greece,Europe,Scope 3,blue_water_consumption,Mm3,0.4396688066893891,0.7663346410513113
DEU,Germany,Europe,Scope 3,blue_water_consumption,Mm3,0.4191179375190303,0.7305148541814064
FRA,France,Europe,Scope 3,blue_water_consumption,Mm3,0.3160562804860185,0.5508802820969171
POL,Poland,Europe,Scope 3,blue_water_consumption,Mm3,0.30092680772468133,0.5245098894253126
ITA,Italy,Europe,Scope 3,blue_water_consumption,Mm3,0.2756353346169194,0.4804273171099468
NLD,Netherlands,Europe,Scope 3,blue_water_consumption,Mm3,0.25278124518389794,0.4405930596967707
BRA,Brazil,America,Scope 3,blue_water_consumption,Mm3,0.19464056124876059,0.33925491726769463
PRT,Portugal,Europe,Scope 3,blue_water_consumption,Mm3,0.18676273735229013,0.3255240151520208
NOR,Norway,Europe,Scope 3,blue_water_consumption,Mm3,0.18295565983841142,0.3188883490877828
MEX,Mexico,America,Scope 3,blue_water_consumption,Mm3,0.16993185666377852,0.29618809976578314
GBR,United Kingdom,Europe,Scope 3,blue_water_consumption,Mm3,0.16013538277172562,0.27911302600705135
SWE,Sweden,Europe,Scope 3,blue_water_consumption,Mm3,0.1594516664713253,0.27792132107443746
BEL,Belgium,Europe,Scope 3,blue_water_consumption,Mm3,0.14981816573810205,0.26113030653317243
ROU,Romania,Europe,Scope 3,blue_water_consumption,Mm3,0.12405737385586664,0.21622972022840636
ZAF,South Africa,Africa,Scope 3,blue_water_consumption,Mm3,0.08252524814530862,0.14383998922121338
IRL,Ireland,Europe,Scope 3,blue_water_consumption,Mm3,0.07589752882423215,0.1322879963810796
IDN,Indonesia,Asia and Pacific,Scope 3,blue_water_consumption,Mm3,0.0676693701786591,0.11794646724316397
CAN,Canada,America,Scope 3,blue_water_consumption,Mm3,0.06264578580469586,0.10919045210304101
BGR,Bulgaria,Europe,Scope 3,blue_water_consumption,Mm3,0.05901997162250033,0.1028707246910517
SVK,Slovakia,Europe,Scope 3,blue_water_consumption,Mm3,0.05610415652086331,0.0977885126139425
KOR,South Korea,Asia and Pacific,Scope 3,blue_water_consumption,Mm3,0.055645449802824584,0.09698899524366798
FIN,Finland,Europe,Scope 3,blue_water_consumption,Mm3,0.04377525381122479,0.07629946201767832
HUN,Hungary,Europe,Scope 3,blue_water_consumption,Mm3,0.04233064416749537,0.07378153398652568
LVA,Latvia,Europe,Scope 3,blue_water_consumption,Mm3,0.03807543822550586,0.0663647883167387
AUT,Austria,Europe,Scope 3,blue_water_consumption,Mm3,0.03582282951638863,0.06243853278014805
CZE,Czech Republic,Europe,Scope 3,blue_water_consumption,Mm3,0.031207124718204724,0.0543934442364571
CHE,Switzerland,Europe,Scope 3,blue_water_consumption,Mm3,0.027851432242303673,0.04854453398885122
CYP,Cyprus,Middle East,Scope 3,blue_water_consumption,Mm3,0.026209258753933064,0.045682255811260314
HRV,Croatia,Europe,Scope 3,blue_water_consumption,Mm3,0.025411741106592244,0.04429219722464154
JPN,Japan,Asia and Pacific,Scope 3,blue_water_consumption,Mm3,0.02297171485791807,0.040039276364703204
TWN,Taiwan,Asia and Pacific,Scope 3,blue_water_consumption,Mm3,0.016805587898538678,0.02929183051865051
LTU,Lithuania,Europe,Scope 3,blue_water_consumption,Mm3,0.009528539359854959,0.01660806879855907
SVN,Slovenia,Europe,Scope 3,blue_water_consumption,Mm3,0.005627421369391299,0.009808491913786334
EST,Estonia,Europe,Scope 3,blue_water_consumption,Mm3,0.0040097255343692646,0.006988877835643158
MLT,Malta,Europe,Scope 3,blue_water_consumption,Mm3,0.001975868763429555,0.003443902902706946
LUX,Luxembourg,Europe,Scope 3,blue_water_consumption,Mm3,0.001780501703701501,0.0031033817119559323
DNK,Denmark,Denmark,Outside protocol,climate_change,kt CO2eq,293.4753186512448,100.0
DNK,Denmark,Denmark,Scope 1,climate_change,kt CO2eq,164.3446991455533,100.0
DNK,Denmark,Denmark,Scope 2,climate_change,kt CO2eq,4.891073209918721,24.964550707945715
RoW Asia and Pacific,RoW Asia and Pacific,Asia and Pacific,Scope 2,climate_change,kt CO2eq,3.1598214197787096,16.128059973044138
RoW Europe,RoW Europe,Europe,Scope 2,climate_change,kt CO2eq,1.4115422539338907,7.20465972647467
RUS,Russia,Europe,Scope 2,climate_change,kt CO2eq,1.322099819373979,6.748136158500898
DEU,Germany,Europe,Scope 2,climate_change,kt CO2eq,1.287936735166398,6.573764193200842
CZE,Czech Republic,Europe,Scope 2,climate_change,kt CO2eq,1.2350649511070249,6.30390106142578
RoW Middle East,RoW Middle East,Middle East,Scope 2,climate_change,kt CO2eq,0.8443576164618973,4.30968984251894
NLD,Netherlands,Europe,Scope 2,climate_change,kt CO2eq,0.7598838824862829,3.87852704351459
ITA,Italy,Europe,Scope 2,climate_change,kt CO2eq,0.7020523829738643,3.583349003822499
HRV,Croatia,Europe,Scope 2,climate_change,kt CO2eq,0.5578841889180249,2.8474994189744796
POL,Poland,Europe,Scope 2,climate_change,kt CO2eq,0.5400043952190213,2.7562390764506346
GRC,Greece,Europe,Scope 2,climate_change,kt CO2eq,0.44181424899004196,2.2550662705349582
HUN,Hungary,Europe,Scope 2,climate_change,kt CO2eq,0.2509286680843192,1.2807662428288138
FIN,Finland,Europe,Scope 2,climate_change,kt CO2eq,0.2437711972201128,1.244233760761735
GBR,United Kingdom,Europe,Scope 2,climate_change,kt CO2eq,0.21889555334413577,1.1172658651114984
BEL,Belgium,Europe,Scope 2,climate_change,kt CO2eq,0.21166069131976786,1.0803383704450826
TUR,Turkey,Middle East,Scope 2,climate_change,kt CO2eq,0.20818801819694233,1.0626134825634026
RoW America,RoW America,America,Scope 2,climate_change,kt CO2eq,0.19551636101063877,0.997936015102956
SVN,Slovenia,Europe,Scope 2,climate_change,kt CO2eq,0.1640931590170828,0.8375486960206507
RoW Africa,RoW Africa,Africa,Scope 2,climate_change,kt CO2eq,0.16405150225547674,0.8373360755398667
CAN,Canada,America,Scope 2,climate_change,kt CO2eq,0.1485714861655366,0.758324449655095
ESP,Spain,Europe,Scope 2,climate_change,kt CO2eq,0.13756532208102448,0.7021478336865234
SWE,Sweden,Europe,Scope 2,climate_change,kt CO2eq,0.12592363283349503,0.6427274306230973
SVK,Slovakia,Europe,Scope 2,climate_change,kt CO2eq,0.09472234355269761,0.4834727773040368
EST,Estonia,Europe,Scope 2,climate_change,kt CO2eq,0.0848447637667196,0.43305657397697084
AUT,Austria,Europe,Scope 2,climate_change,kt CO2eq,0.04028586182708806,0.2056232645130142
AUS,Australia,Asia and Pacific,Scope 2,climate_change,kt CO2eq,0.035111298126946015,0.1792117486065005
BGR,Bulgaria,Europe,Scope 2,climate_change,kt CO2eq,0.033868604020069235,0.17286890753377276
LVA,Latvia,Europe,Scope 2,climate_change,kt CO2eq,0.026314872531465465,0.13431386967438466
PRT,Portugal,Europe,Scope 2,climate_change,kt CO2eq,0.012092283040497595,0.06172028104734723
ZAF,South Africa,Africa,Scope 2,climate_change,kt CO2eq,0.010483784611121757,0.05351033634188422
BRA,Brazil,America,Scope 2,climate_change,kt CO2eq,0.007671387762543486,0.0391555678230205
MLT,Malta,Europe,Scope 2,climate_change,kt CO2eq,0.007110986456164557,0.036295220772494904
LTU,Lithuania,Europe,Scope 2,climate_change,kt CO2eq,0.005701253086385812,0.029099793780489294
LUX,Luxembourg,Europe,Scope 2,climate_change,kt CO2eq,0.004451051650353483,0.022718634512277427
CHE,Switzerland,Europe,Scope 2,climate_change,kt CO2eq,0.0037310991428939075,0.01904392139546315
NOR,Norway,Europe,Scope 2,climate_change,kt CO2eq,0.0018680324671920471,0.009534633658055543
IRL,Ireland,Europe,Scope 2,climate_change,kt CO2eq,0.0010912460397504184,0.005569834252112325
MEX,Mexico,America,Scope 2,climate_change,kt CO2eq,2.2354109288871982e-05,0.00011409771862365534
CYP,Cyprus,Middle East,Scope 2,climate_change,kt CO2eq,1.004620517954944e-06,5.1276885023656515e-06
FRA,France,Europe,Scope 2,climate_change,kt CO2eq,8.78604433919213e-07,4.48448919110876e-06
USA,United States,America,Scope 2,climate_change,kt CO2eq,3.680191910922459e-08,1.8784085543614695e-07
CHN,China,Asia and Pacific,Scope 2,climate_change,kt CO2eq,2.575942580984838e-09,1.3147881134419003e-08
TWN,Taiwan,Asia and Pacific,Scope 2,climate_change,kt CO2eq,2.371535354480092e-09,1.2104565209235157e-08
IND,India,Asia and Pacific,Scope 2,climate_change,kt CO2eq,1.7303344662373585e-09,8.831808617480612e-09
JPN,Japan,Asia and Pacific,Scope 2,climate_change,kt CO2eq,8.306822221490459e-10,4.239889195478531e-09
DNK,Denmark,Denmark,Scope 3,climate_change,kt CO2eq,2760.240461813555,46.92688461755162
RoW Asia and Pacific,RoW Asia and Pacific,Asia and Pacific,Scope 3,climate_change,kt CO2eq,509.00351568452027,8.653575505795562
DEU,Germany,Europe,Scope 3,climate_change,kt CO2eq,292.30482302455897,4.969478164309969
RoW Middle East,RoW Middle East,Middle East,Scope 3,climate_change,kt CO2eq,292.29541101393767,4.969318150592847
CHN,China,Asia and Pacific,Scope 3,climate_change,kt CO2eq,263.92205295962026,4.486942314846777
RUS,Russia,Europe,Scope 3,climate_change,kt CO2eq,205.51756556196543,3.494006851732722
JPN,Japan,Asia and Pacific,Scope 3,climate_change,kt CO2eq,111.26670683733005,1.8916467553336729
IND,India,Asia and Pacific,Scope 3,climate_change,kt CO2eq,107.6130470940584,1.8295308376894357
RoW Africa,RoW Africa,Africa,Scope 3,climate_change,kt CO2eq,94.12767974599326,1.6002659289531271
GBR,United Kingdom,Europe,Scope 3,climate_change,kt CO2eq,90.63705883605225,1.540921836671837
NLD,Netherlands,Europe,Scope 3,climate_change,kt CO2eq,85.88561487808688,1.4601424750666143
RoW Europe,RoW Europe,Europe,Scope 3,climate_change,kt CO2eq,80.81523613446392,1.373940898949963
NOR,Norway,Europe,Scope 3,climate_change,kt CO2eq,78.49402994968547,1.3344780418860256
USA,United States,America,Scope 3,climate_change,kt CO2eq,71.81755161325675,1.2209711453385697
KOR,South Korea,Asia and Pacific,Scope 3,climate_change,kt CO2eq,67.28281169212451,1.1438759719311913
FRA,France,Europe,Scope 3,climate_change,kt CO2eq,64.25665236732307,1.0924281972050784
RoW America,RoW America,America,Scope 3,climate_change,kt CO2eq,64.18952691655052,1.0912869965282235
GRC,Greece,Europe,Scope 3,climate_change,kt CO2eq,56.96209224866968,0.9684132840989451
POL,Poland,Europe,Scope 3,climate_change,kt CO2eq,47.2811674811031,0.8038277540178775
AUS,Australia,Asia and Pacific,Scope 3,climate_change,kt CO2eq,45.8585568377896,0.7796419316454996
CAN,Canada,America,Scope 3,climate_change,kt CO2eq,42.53651602968339,0.723163871906323
BEL,Belgium,Europe,Scope 3,climate_change,kt CO2eq,40.88652927434768,0.6951124252445875
ITA,Italy,Europe,Scope 3,climate_change,kt CO2eq,39.787974359097184,0.6764358785932376
SWE,Sweden,Europe,Scope 3,climate_change,kt CO2eq,33.20330625014108,0.5644898489379682
TWN,Taiwan,Asia and Pacific,Scope 3,climate_change,kt CO2eq,29.32939036695051,0.49862935374432016
ESP,Spain,Europe,Scope 3,climate_change,kt CO2eq,28.889770582406204,0.4911553719697942
ZAF,South Africa,Africa,Scope 3,climate_change,kt CO2eq,26.811624456778908,0.4558247821878989
TUR,Turkey,Middle East,Scope 3,climate_change,kt CO2eq,26.13636817489943,0.44434474120400014
CZE,Czech Republic,Europe,Scope 3,climate_change,kt CO2eq,21.648130764278385,0.3680401575931904
BRA,Brazil,America,Scope 3,climate_change,kt CO2eq,20.132692768917845,0.34227617618027634
IRL,Ireland,Europe,Scope 3,climate_change,kt CO2eq,19.657768420461014,0.33420198104748833
CHE,Switzerland,Europe,Scope 3,climate_change,kt CO2eq,16.121712404042388,0.2740854459197294
IDN,Indonesia,Asia and Pacific,Scope 3,climate_change,kt CO2eq,15.910401205693304,0.2704929414403157
FIN,Finland,Europe,Scope 3,climate_change,kt CO2eq,13.934727195590341,0.23690448145046294
BGR,Bulgaria,Europe,Scope 3,climate_change,kt CO2eq,13.656541090151626,0.2321750357906629
MEX,Mexico,America,Scope 3,climate_change,kt CO2eq,11.665456092549483,0.19832457339840304
PRT,Portugal,Europe,Scope 3,climate_change,kt CO2eq,10.335881052615145,0.17572045055021412
CYP,Cyprus,Middle East,Scope 3,climate_change,kt CO2eq,10.18211760621898,0.1731063161632814
AUT,Austria,Europe,Scope 3,climate_change,kt CO2eq,9.605581476640106,0.16330461779500888
HUN,Hungary,Europe,Scope 3,climate_change,kt CO2eq,9.121056755188558,0.15506720659389595
LVA,Latvia,Europe,Scope 3,climate_change,kt CO2eq,7.874069629121567,0.1338671619622516
HRV,Croatia,Europe,Scope 3,climate_change,kt CO2eq,7.841524095175603,0.13331385490896125
ROU,Romania,Europe,Scope 3,climate_change,kt CO2eq,7.726287477444555,0.13135471564598963
EST,Estonia,Europe,Scope 3,climate_change,kt CO2eq,7.03477619703543,0.11959832321698599
SVK,Slovakia,Europe,Scope 3,climate_change,kt CO2eq,6.826729358159872,0.11606131615617903
LUX,Luxembourg,Europe,Scope 3,climate_change,kt CO2eq,5.649193103672841,0.09604200671130887
SVN,Slovenia,Europe,Scope 3,climate_change,kt CO2eq,4.693068055182622,0.07978691210952484
LTU,Lithuania,Europe,Scope 3,climate_change,kt CO2eq,3.740328123367081,0.0635893679211222
MLT,Malta,Europe,Scope 3,climate_change,kt CO2eq,1.2912773615417905,0.021953023511044063
DNK,Denmark,Denmark,Outside protocol,land_use,km2,0.6451,100.0
RoW Asia and Pacific,RoW Asia and Pacific,Asia and Pacific,Scope 2,land_use,km2,0.05800812832185682,62.17113674606345
RoW Europe,RoW Europe,Europe,Scope 2,land_use,km2,0.0164092084935395,17.58683092628103
RoW Africa,RoW Africa,Africa,Scope 2,land_use,km2,0.008836638173444959,9.470807904859242
CAN,Canada,America,Scope 2,land_use,km2,0.003968606615679701,4.253417438772777
RoW America,RoW America,America,Scope 2,land_use,km2,0.0038325053228246047,4.107548707369112
RUS,Russia,Europe,Scope 2,land_use,km2,0.001993577360570646,2.136648333319756
CZE,Czech Republic,Europe,Scope 2,land_use,km2,0.00012816551961805208,0.13736343986299357
RoW Middle East,RoW Middle East,Middle East,Scope 2,land_use,km2,7.183094039657179e-05,0.07698595605800525
BGR,Bulgaria,Europe,Scope 2,land_use,km2,2.9359455808831584e-05,0.03146646504009196
LUX,Luxembourg,Europe,Scope 2,land_use,km2,1.4970698183977521e-05,0.01604508455807935
SVK,Slovakia,Europe,Scope 2,land_use,km2,8.73957224348314e-06,0.009366775946242054
POL,Poland,Europe,Scope 2,land_use,km2,1.1956766804701053e-06,0.0012814855530785493
HUN,Hungary,Europe,Scope 2,land_use,km2,1.0270304970563119e-06,0.0011007363161346284
RoW Africa,RoW Africa,Africa,Scope 3,land_use,km2,570.8941554684629,16.2437298841318
RoW Asia and Pacific,RoW Asia and Pacific,Asia and Pacific,Scope 3,land_use,km2,512.5852661728038,14.58465904150736
DNK,Denmark,Denmark,Scope 3,land_use,km2,333.81024572435507,9.497948809184512
AUS,Australia,Asia and Pacific,Scope 3,land_use,km2,256.9957963744618,7.312336722449955
RoW America,RoW America,America,Scope 3,land_use,km2,189.63023968190313,5.3955752773968735
CHN,China,Asia and Pacific,Scope 3,land_use,km2,181.68686602567087,5.1695613748115745
RUS,Russia,Europe,Scope 3,land_use,km2,161.40083164352163,4.592360049894445
RoW Europe,RoW Europe,Europe,Scope 3,land_use,km2,141.04307424235338,4.013117980057684
NOR,Norway,Europe,Scope 3,land_use,km2,136.53267740189682,3.8847830387295534
SWE,Sweden,Europe,Scope 3,land_use,km2,117.98244184846254,3.3569706364993297
USA,United States,America,Scope 3,land_use,km2,114.83175704287179,3.267323768613533
RoW Middle East,RoW Middle East,Middle East,Scope 3,land_use,km2,106.82010040357267,3.039367000924439
CAN,Canada,America,Scope 3,land_use,km2,83.56787761619825,2.377768309563113
BRA,Brazil,America,Scope 3,land_use,km2,81.50180347319159,2.3189820179570098
IND,India,Asia and Pacific,Scope 3,land_use,km2,68.30197226530694,1.9434054060698769
LVA,Latvia,Europe,Scope 3,land_use,km2,42.31906387389929,1.2041101418403193
DEU,Germany,Europe,Scope 3,land_use,km2,41.16210116159985,1.1711909227441226
POL,Poland,Europe,Scope 3,land_use,km2,40.78539104033142,1.1604723378788044
FIN,Finland,Europe,Scope 3,land_use,km2,29.729583884407543,0.8458999370727156
FRA,France,Europe,Scope 3,land_use,km2,27.470737835988793,0.7816286799423217
ESP,Spain,Europe,Scope 3,land_use,km2,26.208146498681064,0.7457039950584098
GRC,Greece,Europe,Scope 3,land_use,km2,19.928531009089834,0.5670292322988796
TUR,Turkey,Middle East,Scope 3,land_use,km2,18.919916647658244,0.5383309892227935
IRL,Ireland,Europe,Scope 3,land_use,km2,18.291286536300895,0.5204444902490192
EST,Estonia,Europe,Scope 3,land_use,km2,18.11441840260208,0.5154120369275159
GBR,United Kingdom,Europe,Scope 3,land_use,km2,17.2840959387476,0.4917867577222814
ITA,Italy,Europe,Scope 3,land_use,km2,16.91760340246384,0.48135889520710345
LTU,Lithuania,Europe,Scope 3,land_use,km2,14.7478430496044,0.4196224056187209
IDN,Indonesia,Asia and Pacific,Scope 3,land_use,km2,14.696566116701737,0.4181634159980019
ROU,Romania,Europe,Scope 3,land_use,km2,14.55246794186053,0.41406337082063227
ZAF,South Africa,Africa,Scope 3,land_use,km2,10.422966348372457,0.29656609431467645
BGR,Bulgaria,Europe,Scope 3,land_use,km2,10.201605296870035,0.29026767788663976
HUN,Hungary,Europe,Scope 3,land_use,km2,10.170854306530401,0.2893927157312877
SVK,Slovakia,Europe,Scope 3,land_use,km2,8.545172213162493,0.24313695965252893
CZE,Czech Republic,Europe,Scope 3,land_use,km2,7.944970585813132,0.22605934024218635
NLD,Netherlands,Europe,Scope 3,land_use,km2,7.41058514145335,0.2108543977339396
PRT,Portugal,Europe,Scope 3,land_use,km2,6.216035639765206,0.176865716552357
CHE,Switzerland,Europe,Scope 3,land_use,km2,5.554474238831038,0.15804221906931776
MEX,Mexico,America,Scope 3,land_use,km2,5.427804069085424,0.15443805531669275
AUT,Austria,Europe,Scope 3,land_use,km2,4.778099737792046,0.1359519286660879
HRV,Croatia,Europe,Scope 3,land_use,km2,4.324916889834348,0.12305745479587317
BEL,Belgium,Europe,Scope 3,land_use,km2,3.2652301725861577,0.09290604295902025
CYP,Cyprus,Middle East,Scope 3,land_use,km2,3.2468306288076976,0.09238251821057837
KOR,South Korea,Asia and Pacific,Scope 3,land_use,km2,2.646773033893056,0.07530899697490046
TWN,Taiwan,Asia and Pacific,Scope 3,land_use,km2,2.2334920357530503,0.0635498559226998
SVN,Slovenia,Europe,Scope 3,land_use,km2,1.4474068730841956,0.04118326672922877
JPN,Japan,Asia and Pacific,Scope 3,land_use,km2,1.347427531525501,0.03833854078009003
LUX,Luxembourg,Europe,Scope 3,land_use,km2,0.6183145256898934,0.017592988196735063
MLT,Malta,Europe,Scope 3,land_use,km2,0.03508589777315933,0.0009983038724608998
DNK,Denmark,Denmark,Outside protocol,material_extraction,kt,9.9254,100.0
POL,Poland,Europe,Scope 2,material_extraction,kt,0.14516712709607218,71.33268762994624
RoW Asia and Pacific,RoW Asia and Pacific,Asia and Pacific,Scope 2,material_extraction,kt,0.027571631939459797,13.548236766328822
RoW Europe,RoW Europe,Europe,Scope 2,material_extraction,kt,0.018460826958215062,9.071340248604232
RoW America,RoW America,America,Scope 2,material_extraction,kt,0.006526654421681426,3.2070883432328077
RoW Middle East,RoW Middle East,Middle East,Scope 2,material_extraction,kt,0.002676782863383076,1.315326132482678
CZE,Czech Republic,Europe,Scope 2,material_extraction,kt,0.001882963889979405,0.9252568241119623
RUS,Russia,Europe,Scope 2,material_extraction,kt,0.0005548497506087755,0.27264384667153924
AUT,Austria,Europe,Scope 2,material_extraction,kt,0.00027657559833286615,0.13590460289874834
HUN,Hungary,Europe,Scope 2,material_extraction,kt,0.00026292575103780346,0.12919729723821274
CAN,Canada,America,Scope 2,material_extraction,kt,8.240011076051163e-05,0.04049003020954311
RoW Africa,RoW Africa,Africa,Scope 2,material_extraction,kt,4.442210930150886e-05,0.02182827827522391
DNK,Denmark,Denmark,Scope 3,material_extraction,kt,1858.4973555428696,59.61417393222244
RoW Asia and Pacific,RoW Asia and Pacific,Asia and Pacific,Scope 3,material_extraction,kt,146.27174352346012,4.691892153502632
RoW Middle East,RoW Middle East,Middle East,Scope 3,material_extraction,kt,132.71576794426014,4.257063293730953
CHN,China,Asia and Pacific,Scope 3,material_extraction,kt,106.09267054533788,3.4030863137689598
IND,India,Asia and Pacific,Scope 3,material_extraction,kt,87.7368515081415,2.814295059647327
DEU,Germany,Europe,Scope 3,material_extraction,kt,65.97455253694558,2.1162356988606965
POL,Poland,Europe,Scope 3,material_extraction,kt,62.2081689282911,1.9954231258042152
RoW America,RoW America,America,Scope 3,material_extraction,kt,58.60731544468999,1.8799201872417104
SWE,Sweden,Europe,Scope 3,material_extraction,kt,45.71294778862994,1.466313423744405
FIN,Finland,Europe,Scope 3,material_extraction,kt,41.07937530623849,1.317684427814434
RoW Europe,RoW Europe,Europe,Scope 3,material_extraction,kt,40.31321572476684,1.2931086755738028
RoW Africa,RoW Africa,Africa,Scope 3,material_extraction,kt,37.28248038053455,1.1958931571256626
AUS,Australia,Asia and Pacific,Scope 3,material_extraction,kt,33.113359435070116,1.062162161788954
GBR,United Kingdom,Europe,Scope 3,material_extraction,kt,32.491364791744765,1.0422107226644808
USA,United States,America,Scope 3,material_extraction,kt,32.03808965195905,1.0276712222763056
RUS,Russia,Europe,Scope 3,material_extraction,kt,31.702372394090197,1.0169025725696201
TUR,Turkey,Middle East,Scope 3,material_extraction,kt,27.3034349340403,0.8757998574765534
NOR,Norway,Europe,Scope 3,material_extraction,kt,25.854761180703186,0.8293314087349313
GRC,Greece,Europe,Scope 3,material_extraction,kt,19.721412209694552,0.632594764878947
FRA,France,Europe,Scope 3,material_extraction,kt,18.913016935218234,0.6066642375338913
ITA,Italy,Europe,Scope 3,material_extraction,kt,17.408224713408124,0.5583957022167454
HUN,Hungary,Europe,Scope 3,material_extraction,kt,15.096867513315779,0.48425534913265333
BGR,Bulgaria,Europe,Scope 3,material_extraction,kt,14.864139816375372,0.4767902487046797
BRA,Brazil,America,Scope 3,material_extraction,kt,12.806163825345543,0.4107774893581625
NLD,Netherlands,Europe,Scope 3,material_extraction,kt,12.575200770512684,0.40336899255204156
CZE,Czech Republic,Europe,Scope 3,material_extraction,kt,12.421834084861404,0.3984495191685816
AUT,Austria,Europe,Scope 3,material_extraction,kt,11.99522397945953,0.3847653409539495
CHE,Switzerland,Europe,Scope 3,material_extraction,kt,11.891805132997247,0.3814480216785226
ZAF,South Africa,Africa,Scope 3,material_extraction,kt,11.61549472881161,0.37258493858331215
CAN,Canada,America,Scope 3,material_extraction,kt,10.970358026985016,0.3518911821794905
ROU,Romania,Europe,Scope 3,material_extraction,kt,10.838741892978154,0.347669391343162
BEL,Belgium,Europe,Scope 3,material_extraction,kt,10.292858593468289,0.330159341158468
ESP,Spain,Europe,Scope 3,material_extraction,kt,9.972974171228119,0.3198985541152367
IDN,Indonesia,Asia and Pacific,Scope 3,material_extraction,kt,8.2647708265273,0.2651052927748927
PRT,Portugal,Europe,Scope 3,material_extraction,kt,8.096078678096601,0.2596942314959755
SVK,Slovakia,Europe,Scope 3,material_extraction,kt,5.309324521292844,0.1703047865691
JPN,Japan,Asia and Pacific,Scope 3,material_extraction,kt,4.785998180020627,0.15351828566885922
HRV,Croatia,Europe,Scope 3,material_extraction,kt,3.9554645347646606,0.12687763587875528
EST,Estonia,Europe,Scope 3,material_extraction,kt,3.159536209647917,0.10134700519500471
IRL,Ireland,Europe,Scope 3,material_extraction,kt,2.923148116803578,0.0937644919133474
LTU,Lithuania,Europe,Scope 3,material_extraction,kt,2.8720090396110756,0.09212412700596949
TWN,Taiwan,Asia and Pacific,Scope 3,material_extraction,kt,2.814413961372072,0.09027667589093845
KOR,South Korea,Asia and Pacific,Scope 3,material_extraction,kt,2.0722056567286833,0.06646919785768263
LVA,Latvia,Europe,Scope 3,material_extraction,kt,2.048389079249142,0.06570524434001895
SVN,Slovenia,Europe,Scope 3,material_extraction,kt,1.6796417472164542,0.053877103975289456
MEX,Mexico,America,Scope 3,material_extraction,kt,1.3212071817593405,0.042379761531000974
CYP,Cyprus,Middle East,Scope 3,material_extraction,kt,1.1525685450187926,0.03697041672221736
MLT,Malta,Europe,Scope 3,material_extraction,kt,0.5158408238001815,0.01654639136270516
LUX,Luxembourg,Europe,Scope 3,material_extraction,kt,0.1920058324628001,0.006158883712317715
DNK,Denmark,Denmark,Scope 1,waste_generation,kt,42.71652604695465,100.0
DNK,Denmark,Denmark,Scope 2,waste_generation,kt,8.344259761417183,97.02700560020945
DEU,Germany,Europe,Scope 2,waste_generation,kt,0.06906482469022131,0.8030853932641075
RoW Asia and Pacific,RoW Asia and Pacific,Asia and Pacific,Scope 2,waste_generation,kt,0.03569489934351806,0.41506008891485224
RoW Europe,RoW Europe,Europe,Scope 2,waste_generation,kt,0.01849918991722826,0.21510847636811783
CZE,Czech Republic,Europe,Scope 2,waste_generation,kt,0.015295955222800296,0.1778612813476381
RUS,Russia,Europe,Scope 2,waste_generation,kt,0.013967192798890605,0.1624104393517824
HRV,Croatia,Europe,Scope 2,waste_generation,kt,0.013242226735839403,0.15398053804587147
CAN,Canada,America,Scope 2,waste_generation,kt,0.010335324768498019,0.1201790983101807
NLD,Netherlands,Europe,Scope 2,waste_generation,kt,0.009702555690214066,0.11282126302487687
FIN,Finland,Europe,Scope 2,waste_generation,kt,0.009654487196087637,0.11226232284538196
GBR,United Kingdom,Europe,Scope 2,waste_generation,kt,0.00866513169082965,0.1007581025917017
BEL,Belgium,Europe,Scope 2,waste_generation,kt,0.008389868490691522,0.09755734364783132
SWE,Sweden,Europe,Scope 2,waste_generation,kt,0.008038407040445726,0.09347055188004186
POL,Poland,Europe,Scope 2,waste_generation,kt,0.007899697266589532,0.09185763540937067
AUT,Austria,Europe,Scope 2,waste_generation,kt,0.005630614785915245,0.06547275707927311
HUN,Hungary,Europe,Scope 2,waste_generation,kt,0.0031883582126942932,0.03707421137450568
TUR,Turkey,Middle East,Scope 2,waste_generation,kt,0.003148431575264897,0.03660994465891609
SVN,Slovenia,Europe,Scope 2,waste_generation,kt,0.0026454903375723433,0.03076174677420837
EST,Estonia,Europe,Scope 2,waste_generation,kt,0.0024532773979155102,0.028526695792364443
ESP,Spain,Europe,Scope 2,waste_generation,kt,0.00210516386506683,0.024478833589249013
SVK,Slovakia,Europe,Scope 2,waste_generation,kt,0.0016958994653929191,0.01971990945043689
RoW Africa,RoW Africa,Africa,Scope 2,waste_generation,kt,0.0014418432627577177,0.016765745354319746
BGR,Bulgaria,Europe,Scope 2,waste_generation,kt,0.001070104577709534,0.012443170014232452
AUS,Australia,Asia and Pacific,Scope 2,waste_generation,kt,0.0010403500799593705,0.012097184881652375
GRC,Greece,Europe,Scope 2,waste_generation,kt,0.0008851175821317052,0.010292142269520018
ITA,Italy,Europe,Scope 2,waste_generation,kt,0.000532828076684878,0.0061957218805077105
RoW America,RoW America,America,Scope 2,waste_generation,kt,0.0004375329172016861,0.005087630301719403
ZAF,South Africa,Africa,Scope 2,waste_generation,kt,0.00035774524692427516,0.004159859720243737
PRT,Portugal,Europe,Scope 2,waste_generation,kt,0.00025886219222551974,0.0030100481160574765
CHE,Switzerland,Europe,Scope 2,waste_generation,kt,0.00021164936946184914,0.002461057678358741
LVA,Latvia,Europe,Scope 2,waste_generation,kt,6.631897611908798e-05,0.0007711566815141954
RoW Middle East,RoW Middle East,Middle East,Scope 2,waste_generation,kt,2.8216155258578467e-05,0.0003280972947354048
LTU,Lithuania,Europe,Scope 2,waste_generation,kt,1.2168668845238742e-05,0.00014149721292875308
NOR,Norway,Europe,Scope 2,waste_generation,kt,7.818644310578512e-06,9.091515209249713e-05
BRA,Brazil,America,Scope 2,waste_generation,kt,3.996626616629045e-06,4.647275183194346e-05
LUX,Luxembourg,Europe,Scope 2,waste_generation,kt,3.2588473169858914e-06,3.78938582829683e-05
MLT,Malta,Europe,Scope 2,waste_generation,kt,4.409695895707761e-07,5.127591908708631e-06
FRA,France,Europe,Scope 2,waste_generation,kt,1.7416936793373173e-07,2.0252404312759548e-06
IRL,Ireland,Europe,Scope 2,waste_generation,kt,1.2887761506542822e-07,1.4985881835216462e-06
MEX,Mexico,America,Scope 2,waste_generation,kt,4.304087643551138e-08,5.004790692466429e-07
USA,United States,America,Scope 2,waste_generation,kt,1.577308245152618e-09,1.834093140811896e-08
CHN,China,Asia and Pacific,Scope 2,waste_generation,kt,8.295727295089542e-11,9.646267035456698e-10
IND,India,Asia and Pacific,Scope 2,waste_generation,kt,8.156852897596446e-11,9.484783964117128e-10
CYP,Cyprus,Middle East,Scope 2,waste_generation,kt,5.2764318648370826e-11,6.135432006394308e-10
JPN,Japan,Asia and Pacific,Scope 2,waste_generation,kt,1.1582790026508893e-11,1.3468461731796036e-10
DNK,Denmark,Denmark,Scope 3,waste_generation,kt,105.85691117390293,47.85587444384216
RoW Africa,RoW Africa,Africa,Scope 3,waste_generation,kt,11.882808194078809,5.371989137694464
CHN,China,Asia and Pacific,Scope 3,waste_generation,kt,11.794661179044484,5.332139566822778
RoW Asia and Pacific,RoW Asia and Pacific,Asia and Pacific,Scope 3,waste_generation,kt,9.183148861151034,4.15152505419692
SWE,Sweden,Europe,Scope 3,waste_generation,kt,9.106688930820967,4.116958989635964
DEU,Germany,Europe,Scope 3,waste_generation,kt,6.323151118928784,2.858575058361389
IND,India,Asia and Pacific,Scope 3,waste_generation,kt,6.016529313166831,2.71995723477704
RoW Europe,RoW Europe,Europe,Scope 3,waste_generation,kt,4.992066159915694,2.2568171384843416
GRC,Greece,Europe,Scope 3,waste_generation,kt,4.890527918910408,2.2109136517973473
POL,Poland,Europe,Scope 3,waste_generation,kt,4.454241235449329,2.013676829810981
NLD,Netherlands,Europe,Scope 3,waste_generation,kt,3.9889045791532136,1.8033070735912824
USA,United States,America,Scope 3,waste_generation,kt,3.889823808565605,1.7585145620352804
FIN,Finland,Europe,Scope 3,waste_generation,kt,2.921731348884891,1.3208585725798456
BEL,Belgium,Europe,Scope 3,waste_generation,kt,2.8692575818768513,1.297136191323068
RUS,Russia,Europe,Scope 3,waste_generation,kt,2.195386567248782,0.9924920607720931
GBR,United Kingdom,Europe,Scope 3,waste_generation,kt,2.067787758587344,0.9348070924618614
RoW Middle East,RoW Middle East,Middle East,Scope 3,waste_generation,kt,1.9945278387207817,0.9016876911112912
CAN,Canada,America,Scope 3,waste_generation,kt,1.8109379964696237,0.8186902529421131
ITA,Italy,Europe,Scope 3,waste_generation,kt,1.7749703173607623,0.802429956695207
NOR,Norway,Europe,Scope 3,waste_generation,kt,1.4133087768947388,0.6389297271894038
ZAF,South Africa,Africa,Scope 3,waste_generation,kt,1.4039085421004571,0.634680061758313
ESP,Spain,Europe,Scope 3,waste_generation,kt,1.3817027046394614,0.6246412295491623
HUN,Hungary,Europe,Scope 3,waste_generation,kt,1.303176889347581,0.5891412181135839
PRT,Portugal,Europe,Scope 3,waste_generation,kt,1.226874698419271,0.5546464645036232
LVA,Latvia,Europe,Scope 3,waste_generation,kt,1.2231516816586894,0.5529633602011179
JPN,Japan,Asia and Pacific,Scope 3,waste_generation,kt,1.208359939240492,0.5462762978249259
AUT,Austria,Europe,Scope 3,waste_generation,kt,1.1187431970614747,0.5057622915666126
KOR,South Korea,Asia and Pacific,Scope 3,waste_generation,kt,1.0815786859680403,0.488960930588562
IRL,Ireland,Europe,Scope 3,waste_generation,kt,1.078953955700564,0.48777434049504464
FRA,France,Europe,Scope 3,waste_generation,kt,1.061398806351753,0.4798379949719881
CZE,Czech Republic,Europe,Scope 3,waste_generation,kt,0.9401137811334455,0.4250073667739827
TUR,Turkey,Middle East,Scope 3,waste_generation,kt,0.9162395529238454,0.4142142871821806
RoW America,RoW America,America,Scope 3,waste_generation,kt,0.8581458454981155,0.387951238905854
AUS,Australia,Asia and Pacific,Scope 3,waste_generation,kt,0.8514357224582365,0.3849177212815617
CHE,Switzerland,Europe,Scope 3,waste_generation,kt,0.7954793756893557,0.3596209326674629
BRA,Brazil,America,Scope 3,waste_generation,kt,0.7032788270073077,0.3179388371627792
SVK,Slovakia,Europe,Scope 3,waste_generation,kt,0.6413631395668975,0.2899479451993367
BGR,Bulgaria,Europe,Scope 3,waste_generation,kt,0.6160881602628734,0.27852161296716893
IDN,Indonesia,Asia and Pacific,Scope 3,waste_generation,kt,0.5438478371090687,0.24586315168870165
MLT,Malta,Europe,Scope 3,waste_generation,kt,0.5200830631377518,0.23511955425377096
CYP,Cyprus,Middle East,Scope 3,waste_generation,kt,0.4295537600528319,0.19419299675387178
HRV,Croatia,Europe,Scope 3,waste_generation,kt,0.3489491224052715,0.15775318969662583
ROU,Romania,Europe,Scope 3,waste_generation,kt,0.3372978519809774,0.15248587433334013
EST,Estonia,Europe,Scope 3,waste_generation,kt,0.2875409550705266,0.12999173781588655
SVN,Slovenia,Europe,Scope 3,waste_generation,kt,0.27473134826046747,0.12420076084159991
LUX,Luxembourg,Europe,Scope 3,waste_generation,kt,0.2442251947979577,0.11040951534164281
MEX,Mexico,America,Scope 3,waste_generation,kt,0.2224611923640382,0.10057042825396006
LTU,Lithuania,Europe,Scope 3,waste_generation,kt,0.15335395136129407,0.06932837318251954
