study,consuming_country_iso3,reference_year,ghg_protocol_scope,producing_world_region,producing_country_name,indicator,unit,value,source
steenmeijer_2022,NLD,2016,Direct,Netherlands,Netherlands,climate_change,kt CO2eq,1713.2,archive/rivm_steenmeijer_2022/output/HotspotAnalysis.xlsx#aggreg (upstream https://github.com/rivm-syso/envr-footprint-healthcare)
steenmeijer_2022,NLD,2016,Indirect,Africa,RoW Africa,climate_change,kt CO2eq,389.6367182514849,archive/rivm_steenmeijer_2022/output/HotspotAnalysis.xlsx#aggreg (upstream https://github.com/rivm-syso/envr-footprint-healthcare)
steenmeijer_2022,NLD,2016,Indirect,Africa,South Africa,climate_change,kt CO2eq,399.7019045295884,archive/rivm_steenmeijer_2022/output/HotspotAnalysis.xlsx#aggreg (upstream https://github.com/rivm-syso/envr-footprint-healthcare)
steenmeijer_2022,NLD,2016,Indirect,America,Brazil,climate_change,kt CO2eq,281.8716127836389,archive/rivm_steenmeijer_2022/output/HotspotAnalysis.xlsx#aggreg (upstream https://github.com/rivm-syso/envr-footprint-healthcare)
steenmeijer_2022,NLD,2016,Indirect,America,Canada,climate_change,kt CO2eq,106.4786050241257,archive/rivm_steenmeijer_2022/output/HotspotAnalysis.xlsx#aggreg (upstream https://github.com/rivm-syso/envr-footprint-healthcare)
steenmeijer_2022,NLD,2016,Indirect,America,Mexico,climate_change,kt CO2eq,73.76996486274373,archive/rivm_steenmeijer_2022/output/HotspotAnalysis.xlsx#aggreg (upstream https://github.com/rivm-syso/envr-footprint-healthcare)
steenmeijer_2022,NLD,2016,Indirect,America,RoW America,climate_change,kt CO2eq,362.7204994772774,archive/rivm_steenmeijer_2022/output/HotspotAnalysis.xlsx#aggreg (upstream https://github.com/rivm-syso/envr-footprint-healthcare)
steenmeijer_2022,NLD,2016,Indirect,America,United States,climate_change,kt CO2eq,840.7106693700625,archive/rivm_steenmeijer_2022/output/HotspotAnalysis.xlsx#aggreg (upstream https://github.com/rivm-syso/envr-footprint-healthcare)
steenmeijer_2022,NLD,2016,Indirect,Asia and Pacific,Australia,climate_change,kt CO2eq,197.2698280105839,archive/rivm_steenmeijer_2022/output/HotspotAnalysis.xlsx#aggreg (upstream https://github.com/rivm-syso/envr-footprint-healthcare)
steenmeijer_2022,NLD,2016,Indirect,Asia and Pacific,China,climate_change,kt CO2eq,2153.879714673619,archive/rivm_steenmeijer_2022/output/HotspotAnalysis.xlsx#aggreg (upstream https://github.com/rivm-syso/envr-footprint-healthcare)
steenmeijer_2022,NLD,2016,Indirect,Asia and Pacific,India,climate_change,kt CO2eq,485.0065482744486,archive/rivm_steenmeijer_2022/output/HotspotAnalysis.xlsx#aggreg (upstream https://github.com/rivm-syso/envr-footprint-healthcare)
steenmeijer_2022,NLD,2016,Indirect,Asia and Pacific,Indonesia,climate_change,kt CO2eq,407.7382787034276,archive/rivm_steenmeijer_2022/output/HotspotAnalysis.xlsx#aggreg (upstream https://github.com/rivm-syso/envr-footprint-healthcare)
steenmeijer_2022,NLD,2016,Indirect,Asia and Pacific,Japan,climate_change,kt CO2eq,156.1442403698402,archive/rivm_steenmeijer_2022/output/HotspotAnalysis.xlsx#aggreg (upstream https://github.com/rivm-syso/envr-footprint-healthcare)
steenmeijer_2022,NLD,2016,Indirect,Asia and Pacific,RoW Asia and Pacific,climate_change,kt CO2eq,767.0969917631681,archive/rivm_steenmeijer_2022/output/HotspotAnalysis.xlsx#aggreg (upstream https://github.com/rivm-syso/envr-footprint-healthcare)
steenmeijer_2022,NLD,2016,Indirect,Asia and Pacific,South Korea,climate_change,kt CO2eq,104.4016264245109,archive/rivm_steenmeijer_2022/output/HotspotAnalysis.xlsx#aggreg (upstream https://github.com/rivm-syso/envr-footprint-healthcare)
steenmeijer_2022,NLD,2016,Indirect,Asia and Pacific,Taiwan,climate_change,kt CO2eq,186.8832583416786,archive/rivm_steenmeijer_2022/output/HotspotAnalysis.xlsx#aggreg (upstream https://github.com/rivm-syso/envr-footprint-healthcare)
steenmeijer_2022,NLD,2016,Indirect,Europe,Austria,climate_change,kt CO2eq,15.09018132946449,archive/rivm_steenmeijer_2022/output/HotspotAnalysis.xlsx#aggreg (upstream https://github.com/rivm-syso/envr-footprint-healthcare)
steenmeijer_2022,NLD,2016,Indirect,Europe,Belgium,climate_change,kt CO2eq,119.0723369118786,archive/rivm_steenmeijer_2022/output/HotspotAnalysis.xlsx#aggreg (upstream https://github.com/rivm-syso/envr-footprint-healthcare)
steenmeijer_2022,NLD,2016,Indirect,Europe,Bulgaria,climate_change,kt CO2eq,11.3623712936191,archive/rivm_steenmeijer_2022/output/HotspotAnalysis.xlsx#aggreg (upstream https://github.com/rivm-syso/envr-footprint-healthcare)
steenmeijer_2022,NLD,2016,Indirect,Europe,Croatia,climate_change,kt CO2eq,5.730323974163341,archive/rivm_steenmeijer_2022/output/HotspotAnalysis.xlsx#aggreg (upstream https://github.com/rivm-syso/envr-footprint-healthcare)
steenmeijer_2022,NLD,2016,Indirect,Europe,Czech Republic,climate_change,kt CO2eq,37.30491972183165,archive/rivm_steenmeijer_2022/output/HotspotAnalysis.xlsx#aggreg (upstream https://github.com/rivm-syso/envr-footprint-healthcare)
steenmeijer_2022,NLD,2016,Indirect,Europe,Denmark,climate_change,kt CO2eq,26.88487862679694,archive/rivm_steenmeijer_2022/output/HotspotAnalysis.xlsx#aggreg (upstream https://github.com/rivm-syso/envr-footprint-healthcare)
steenmeijer_2022,NLD,2016,Indirect,Europe,Estonia,climate_change,kt CO2eq,6.523887032857888,archive/rivm_steenmeijer_2022/output/HotspotAnalysis.xlsx#aggreg (upstream https://github.com/rivm-syso/envr-footprint-healthcare)
steenmeijer_2022,NLD,2016,Indirect,Europe,Finland,climate_change,kt CO2eq,12.82830653485844,archive/rivm_steenmeijer_2022/output/HotspotAnalysis.xlsx#aggreg (upstream https://github.com/rivm-syso/envr-footprint-healthcare)
steenmeijer_2022,NLD,2016,Indirect,Europe,France,climate_change,kt CO2eq,123.2051338813813,archive/rivm_steenmeijer_2022/output/HotspotAnalysis.xlsx#aggreg (upstream https://github.com/rivm-syso/envr-footprint-healthcare)
steenmeijer_2022,NLD,2016,Indirect,Europe,Germany,climate_change,kt CO2eq,317.435316948944,archive/rivm_steenmeijer_2022/output/HotspotAnalysis.xlsx#aggreg (upstream https://github.com/rivm-syso/envr-footprint-healthcare)
steenmeijer_2022,NLD,2016,Indirect,Europe,Greece,climate_change,kt CO2eq,27.99658277060503,archive/rivm_steenmeijer_2022/output/HotspotAnalysis.xlsx#aggreg (upstream https://github.com/rivm-syso/envr-footprint-healthcare)
steenmeijer_2022,NLD,2016,Indirect,Europe,Hungary,climate_change,kt CO2eq,19.2598979261779,archive/rivm_steenmeijer_2022/output/HotspotAnalysis.xlsx#aggreg (upstream https://github.com/rivm-syso/envr-footprint-healthcare)
steenmeijer_2022,NLD,2016,Indirect,Europe,Ireland,climate_change,kt CO2eq,73.1603487583699,archive/rivm_steenmeijer_2022/output/HotspotAnalysis.xlsx#aggreg (upstream https://github.com/rivm-syso/envr-footprint-healthcare)
steenmeijer_2022,NLD,2016,Indirect,Europe,Italy,climate_change,kt CO2eq,61.01761947054089,archive/rivm_steenmeijer_2022/output/HotspotAnalysis.xlsx#aggreg (upstream https://github.com/rivm-syso/envr-footprint-healthcare)
steenmeijer_2022,NLD,2016,Indirect,Europe,Latvia,climate_change,kt CO2eq,6.004788281631518,archive/rivm_steenmeijer_2022/output/HotspotAnalysis.xlsx#aggreg (upstream https://github.com/rivm-syso/envr-footprint-healthcare)
steenmeijer_2022,NLD,2016,Indirect,Europe,Lithuania,climate_change,kt CO2eq,9.415597172771552,archive/rivm_steenmeijer_2022/output/HotspotAnalysis.xlsx#aggreg (upstream https://github.com/rivm-syso/envr-footprint-healthcare)
steenmeijer_2022,NLD,2016,Indirect,Europe,Luxembourg,climate_change,kt CO2eq,9.420637053939107,archive/rivm_steenmeijer_2022/output/HotspotAnalysis.xlsx#aggreg (upstream https://github.com/rivm-syso/envr-footprint-healthcare)
steenmeijer_2022,NLD,2016,Indirect,Europe,Malta,climate_change,kt CO2eq,1.252004007192283,archive/rivm_steenmeijer_2022/output/HotspotAnalysis.xlsx#aggreg (upstream https://github.com/rivm-syso/envr-footprint-healthcare)
steenmeijer_2022,NLD,2016,Indirect,Europe,Norway,climate_change,kt CO2eq,57.84283260740913,archive/rivm_steenmeijer_2022/output/HotspotAnalysis.xlsx#aggreg (upstream https://github.com/rivm-syso/envr-footprint-healthcare)
steenmeijer_2022,NLD,2016,Indirect,Europe,Poland,climate_change,kt CO2eq,55.27538617123925,archive/rivm_steenmeijer_2022/output/HotspotAnalysis.xlsx#aggreg (upstream https://github.com/rivm-syso/envr-footprint-healthcare)
steenmeijer_2022,NLD,2016,Indirect,Europe,Portugal,climate_change,kt CO2eq,18.09851730698806,archive/rivm_steenmeijer_2022/output/HotspotAnalysis.xlsx#aggreg (upstream https://github.com/rivm-syso/envr-footprint-healthcare)
steenmeijer_2022,NLD,2016,Indirect,Europe,RoW Europe,climate_change,kt CO2eq,285.0414490729358,archive/rivm_steenmeijer_2022/output/HotspotAnalysis.xlsx#aggreg (upstream https://github.com/rivm-syso/envr-footprint-healthcare)
steenmeijer_2022,NLD,2016,Indirect,Europe,Romania,climate_change,kt CO2eq,33.50869940635364,archive/rivm_steenmeijer_2022/output/HotspotAnalysis.xlsx#aggreg (upstream https://github.com/rivm-syso/envr-footprint-healthcare)
steenmeijer_2022,NLD,2016,Indirect,Europe,Russia,climate_change,kt CO2eq,767.8198632332811,archive/rivm_steenmeijer_2022/output/HotspotAnalysis.xlsx#aggreg (upstream https://github.com/rivm-syso/envr-footprint-healthcare)
steenmeijer_2022,NLD,2016,Indirect,Europe,Slovakia,climate_change,kt CO2eq,9.27274444278922,archive/rivm_steenmeijer_2022/output/HotspotAnalysis.xlsx#aggreg (upstream https://github.com/rivm-syso/envr-footprint-healthcare)
steenmeijer_2022,NLD,2016,Indirect,Europe,Slovenia,climate_change,kt CO2eq,4.948653139020809,archive/rivm_steenmeijer_2022/output/HotspotAnalysis.xlsx#aggreg (upstream https://github.com/rivm-syso/envr-footprint-healthcare)
steenmeijer_2022,NLD,2016,Indirect,Europe,Spain,climate_change,kt CO2eq,79.91155346417342,archive/rivm_steenmeijer_2022/output/HotspotAnalysis.xlsx#aggreg (upstream https://github.com/rivm-syso/envr-footprint-healthcare)
steenmeijer_2022,NLD,2016,Indirect,Europe,Sweden,climate_change,kt CO2eq,22.06328220316191,archive/rivm_steenmeijer_2022/output/HotspotAnalysis.xlsx#aggreg (upstream https://github.com/rivm-syso/envr-footprint-healthcare)
steenmeijer_2022,NLD,2016,Indirect,Europe,Switzerland,climate_change,kt CO2eq,24.88264794446422,archive/rivm_steenmeijer_2022/output/HotspotAnalysis.xlsx#aggreg (upstream https://github.com/rivm-syso/envr-footprint-healthcare)
steenmeijer_2022,NLD,2016,Indirect,Europe,United Kingdom,climate_change,kt CO2eq,134.2804657498281,archive/rivm_steenmeijer_2022/output/HotspotAnalysis.xlsx#aggreg (upstream https://github.com/rivm-syso/envr-footprint-healthcare)
steenmeijer_2022,NLD,2016,Indirect,Global,Global,climate_change,kt CO2eq,379.1686,archive/rivm_steenmeijer_2022/output/HotspotAnalysis.xlsx#aggreg (upstream https://github.com/rivm-syso/envr-footprint-healthcare)
steenmeijer_2022,NLD,2016,Indirect,Middle East,Cyprus,climate_change,kt CO2eq,3.100813115220267,archive/rivm_steenmeijer_2022/output/HotspotAnalysis.xlsx#aggreg (upstream https://github.com/rivm-syso/envr-footprint-healthcare)
steenmeijer_2022,NLD,2016,Indirect,Middle East,RoW Middle East,climate_change,kt CO2eq,1863.906771108439,archive/rivm_steenmeijer_2022/output/HotspotAnalysis.xlsx#aggreg (upstream https://github.com/rivm-syso/envr-footprint-healthcare)
steenmeijer_2022,NLD,2016,Indirect,Middle East,Turkey,climate_change,kt CO2eq,49.4772110094408,archive/rivm_steenmeijer_2022/output/HotspotAnalysis.xlsx#aggreg (upstream https://github.com/rivm-syso/envr-footprint-healthcare)
steenmeijer_2022,NLD,2016,Indirect,Netherlands,Netherlands,climate_change,kt CO2eq,4420.483304294234,archive/rivm_steenmeijer_2022/output/HotspotAnalysis.xlsx#aggreg (upstream https://github.com/rivm-syso/envr-footprint-healthcare)
steenmeijer_2022,NLD,2016,Direct,Netherlands,Netherlands,material_extraction,kt,0.0,archive/rivm_steenmeijer_2022/output/HotspotAnalysis.xlsx#aggreg (upstream https://github.com/rivm-syso/envr-footprint-healthcare)
steenmeijer_2022,NLD,2016,Indirect,Africa,RoW Africa,material_extraction,kt,298.6950489599387,archive/rivm_steenmeijer_2022/output/HotspotAnalysis.xlsx#aggreg (upstream https://github.com/rivm-syso/envr-footprint-healthcare)
steenmeijer_2022,NLD,2016,Indirect,Africa,South Africa,material_extraction,kt,158.9083785036671,archive/rivm_steenmeijer_2022/output/HotspotAnalysis.xlsx#aggreg (upstream https://github.com/rivm-syso/envr-footprint-healthcare)
steenmeijer_2022,NLD,2016,Indirect,America,Brazil,material_extraction,kt,299.5988342235659,archive/rivm_steenmeijer_2022/output/HotspotAnalysis.xlsx#aggreg (upstream https://github.com/rivm-syso/envr-footprint-healthcare)
steenmeijer_2022,NLD,2016,Indirect,America,Canada,material_extraction,kt,104.4218067349025,archive/rivm_steenmeijer_2022/output/HotspotAnalysis.xlsx#aggreg (upstream https://github.com/rivm-syso/envr-footprint-healthcare)
steenmeijer_2022,NLD,2016,Indirect,America,Mexico,material_extraction,kt,103.794690983489,archive/rivm_steenmeijer_2022/output/HotspotAnalysis.xlsx#aggreg (upstream https://github.com/rivm-syso/envr-footprint-healthcare)
steenmeijer_2022,NLD,2016,Indirect,America,RoW America,material_extraction,kt,603.5238612593004,archive/rivm_steenmeijer_2022/output/HotspotAnalysis.xlsx#aggreg (upstream https://github.com/rivm-syso/envr-footprint-healthcare)
steenmeijer_2022,NLD,2016,Indirect,America,United States,material_extraction,kt,640.7088172634343,archive/rivm_steenmeijer_2022/output/HotspotAnalysis.xlsx#aggreg (upstream https://github.com/rivm-syso/envr-footprint-healthcare)
steenmeijer_2022,NLD,2016,Indirect,Asia and Pacific,Australia,material_extraction,kt,416.8374499644455,archive/rivm_steenmeijer_2022/output/HotspotAnalysis.xlsx#aggreg (upstream https://github.com/rivm-syso/envr-footprint-healthcare)
steenmeijer_2022,NLD,2016,Indirect,Asia and Pacific,China,material_extraction,kt,7315.616100832662,archive/rivm_steenmeijer_2022/output/HotspotAnalysis.xlsx#aggreg (upstream https://github.com/rivm-syso/envr-footprint-healthcare)
steenmeijer_2022,NLD,2016,Indirect,Asia and Pacific,India,material_extraction,kt,16071.24966069756,archive/rivm_steenmeijer_2022/output/HotspotAnalysis.xlsx#aggreg (upstream https://github.com/rivm-syso/envr-footprint-healthcare)
steenmeijer_2022,NLD,2016,Indirect,Asia and Pacific,Indonesia,material_extraction,kt,914.8113079144266,archive/rivm_steenmeijer_2022/output/HotspotAnalysis.xlsx#aggreg (upstream https://github.com/rivm-syso/envr-footprint-healthcare)
steenmeijer_2022,NLD,2016,Indirect,Asia and Pacific,Japan,material_extraction,kt,54.57573354397344,archive/rivm_steenmeijer_2022/output/HotspotAnalysis.xlsx#aggreg (upstream https://github.com/rivm-syso/envr-footprint-healthcare)
steenmeijer_2022,NLD,2016,Indirect,Asia and Pacific,RoW Asia and Pacific,material_extraction,kt,463.0451553138093,archive/rivm_steenmeijer_2022/output/HotspotAnalysis.xlsx#aggreg (upstream https://github.com/rivm-syso/envr-footprint-healthcare)
steenmeijer_2022,NLD,2016,Indirect,Asia and Pacific,South Korea,material_extraction,kt,25.23598662849838,archive/rivm_steenmeijer_2022/output/HotspotAnalysis.xlsx#aggreg (upstream https://github.com/rivm-syso/envr-footprint-healthcare)
steenmeijer_2022,NLD,2016,Indirect,Asia and Pacific,Taiwan,material_extraction,kt,41.21195903736463,archive/rivm_steenmeijer_2022/output/HotspotAnalysis.xlsx#aggreg (upstream https://github.com/rivm-syso/envr-footprint-healthcare)
steenmeijer_2022,NLD,2016,Indirect,Europe,Austria,material_extraction,kt,33.45340099439987,archive/rivm_steenmeijer_2022/output/HotspotAnalysis.xlsx#aggreg (upstream https://github.com/rivm-syso/envr-footprint-healthcare)
steenmeijer_2022,NLD,2016,Indirect,Europe,Belgium,material_extraction,kt,113.0680642928657,archive/rivm_steenmeijer_2022/output/HotspotAnalysis.xlsx#aggreg (upstream https://github.com/rivm-syso/envr-footprint-healthcare)
steenmeijer_2022,NLD,2016,Indirect,Europe,Bulgaria,material_extraction,kt,41.29499502122184,archive/rivm_steenmeijer_2022/output/HotspotAnalysis.xlsx#aggreg (upstream https://github.com/rivm-syso/envr-footprint-healthcare)
steenmeijer_2022,NLD,2016,Indirect,Europe,Croatia,material_extraction,kt,7.347808489573112,archive/rivm_steenmeijer_2022/output/HotspotAnalysis.xlsx#aggreg (upstream https://github.com/rivm-syso/envr-footprint-healthcare)
steenmeijer_2022,NLD,2016,Indirect,Europe,Czech Republic,material_extraction,kt,29.1364152990308,archive/rivm_steenmeijer_2022/output/HotspotAnalysis.xlsx#aggreg (upstream https://github.com/rivm-syso/envr-footprint-healthcare)
steenmeijer_2022,NLD,2016,Indirect,Europe,Denmark,material_extraction,kt,21.48854449505745,archive/rivm_steenmeijer_2022/output/HotspotAnalysis.xlsx#aggreg (upstream https://github.com/rivm-syso/envr-footprint-healthcare)
steenmeijer_2022,NLD,2016,Indirect,Europe,Estonia,material_extraction,kt,3.714468565012919,archive/rivm_steenmeijer_2022/output/HotspotAnalysis.xlsx#aggreg (upstream https://github.com/rivm-syso/envr-footprint-healthcare)
steenmeijer_2022,NLD,2016,Indirect,Europe,Finland,material_extraction,kt,61.42605542707343,archive/rivm_steenmeijer_2022/output/HotspotAnalysis.xlsx#aggreg (upstream https://github.com/rivm-syso/envr-footprint-healthcare)
steenmeijer_2022,NLD,2016,Indirect,Europe,France,material_extraction,kt,173.9461845486081,archive/rivm_steenmeijer_2022/output/HotspotAnalysis.xlsx#aggreg (upstream https://github.com/rivm-syso/envr-footprint-healthcare)
steenmeijer_2022,NLD,2016,Indirect,Europe,Germany,material_extraction,kt,328.6556575276701,archive/rivm_steenmeijer_2022/output/HotspotAnalysis.xlsx#aggreg (upstream https://github.com/rivm-syso/envr-footprint-healthcare)
steenmeijer_2022,NLD,2016,Indirect,Europe,Greece,material_extraction,kt,49.90688336893015,archive/rivm_steenmeijer_2022/output/HotspotAnalysis.xlsx#aggreg (upstream https://github.com/rivm-syso/envr-footprint-healthcare)
steenmeijer_2022,NLD,2016,Indirect,Europe,Hungary,material_extraction,kt,14.07837635679107,archive/rivm_steenmeijer_2022/output/HotspotAnalysis.xlsx#aggreg (upstream https://github.com/rivm-syso/envr-footprint-healthcare)
steenmeijer_2022,NLD,2016,Indirect,Europe,Ireland,material_extraction,kt,19.66396169372323,archive/rivm_steenmeijer_2022/output/HotspotAnalysis.xlsx#aggreg (upstream https://github.com/rivm-syso/envr-footprint-healthcare)
steenmeijer_2022,NLD,2016,Indirect,Europe,Italy,material_extraction,kt,70.14054559568017,archive/rivm_steenmeijer_2022/output/HotspotAnalysis.xlsx#aggreg (upstream https://github.com/rivm-syso/envr-footprint-healthcare)
steenmeijer_2022,NLD,2016,Indirect,Europe,Latvia,material_extraction,kt,1.28542960637208,archive/rivm_steenmeijer_2022/output/HotspotAnalysis.xlsx#aggreg (upstream https://github.com/rivm-syso/envr-footprint-healthcare)
steenmeijer_2022,NLD,2016,Indirect,Europe,Lithuania,material_extraction,kt,4.694535762498094,archive/rivm_steenmeijer_2022/output/HotspotAnalysis.xlsx#aggreg (upstream https://github.com/rivm-syso/envr-footprint-healthcare)
steenmeijer_2022,NLD,2016,Indirect,Europe,Luxembourg,material_extraction,kt,1.028107963102866,archive/rivm_steenmeijer_2022/output/HotspotAnalysis.xlsx#aggreg (upstream https://github.com/rivm-syso/envr-footprint-healthcare)
steenmeijer_2022,NLD,2016,Indirect,Europe,Malta,material_extraction,kt,0.8663022043790375,archive/rivm_steenmeijer_2022/output/HotspotAnalysis.xlsx#aggreg (upstream https://github.com/rivm-syso/envr-footprint-healthcare)
steenmeijer_2022,NLD,2016,Indirect,Europe,Norway,material_extraction,kt,45.57799685936171,archive/rivm_steenmeijer_2022/output/HotspotAnalysis.xlsx#aggreg (upstream https://github.com/rivm-syso/envr-footprint-healthcare)
steenmeijer_2022,NLD,2016,Indirect,Europe,Poland,material_extraction,kt,150.4783205781284,archive/rivm_steenmeijer_2022/output/HotspotAnalysis.xlsx#aggreg (upstream https://github.com/rivm-syso/envr-footprint-healthcare)
steenmeijer_2022,NLD,2016,Indirect,Europe,Portugal,material_extraction,kt,47.31529279933758,archive/rivm_steenmeijer_2022/output/HotspotAnalysis.xlsx#aggreg (upstream https://github.com/rivm-syso/envr-footprint-healthcare)
steenmeijer_2022,NLD,2016,Indirect,Europe,RoW Europe,material_extraction,kt,101.2268956488032,archive/rivm_steenmeijer_2022/output/HotspotAnalysis.xlsx#aggreg (upstream https://github.com/rivm-syso/envr-footprint-healthcare)
steenmeijer_2022,NLD,2016,Indirect,Europe,Romania,material_extraction,kt,18.29731216836522,archive/rivm_steenmeijer_2022/output/HotspotAnalysis.xlsx#aggreg (upstream https://github.com/rivm-syso/envr-footprint-healthcare)
steenmeijer_2022,NLD,2016,Indirect,Europe,Russia,material_extraction,kt,362.0873068995866,archive/rivm_steenmeijer_2022/output/HotspotAnalysis.xlsx#aggreg (upstream https://github.com/rivm-syso/envr-footprint-healthcare)
steenmeijer_2022,NLD,2016,Indirect,Europe,Slovakia,material_extraction,kt,7.442393271571718,archive/rivm_steenmeijer_2022/output/HotspotAnalysis.xlsx#aggreg (upstream https://github.com/rivm-syso/envr-footprint-healthcare)
steenmeijer_2022,NLD,2016,Indirect,Europe,Slovenia,material_extraction,kt,4.505322927851108,archive/rivm_steenmeijer_2022/output/HotspotAnalysis.xlsx#aggreg (upstream https://github.com/rivm-syso/envr-footprint-healthcare)
steenmeijer_2022,NLD,2016,Indirect,Europe,Spain,material_extraction,kt,69.62217717416627,archive/rivm_steenmeijer_2022/output/HotspotAnalysis.xlsx#aggreg (upstream https://github.com/rivm-syso/envr-footprint-healthcare)
steenmeijer_2022,NLD,2016,Indirect,Europe,Sweden,material_extraction,kt,107.503510788361,archive/rivm_steenmeijer_2022/output/HotspotAnalysis.xlsx#aggreg (upstream https://github.com/rivm-syso/envr-footprint-healthcare)
steenmeijer_2022,NLD,2016,Indirect,Europe,Switzerland,material_extraction,kt,96.9534387692119,archive/rivm_steenmeijer_2022/output/HotspotAnalysis.xlsx#aggreg (upstream https://github.com/rivm-syso/envr-footprint-healthcare)
steenmeijer_2022,NLD,2016,Indirect,Europe,United Kingdom,material_extraction,kt,91.12625882734922,archive/rivm_steenmeijer_2022/output/HotspotAnalysis.xlsx#aggreg (upstream https://github.com/rivm-syso/envr-footprint-healthcare)
steenmeijer_2022,NLD,2016,Indirect,Global,Global,material_extraction,kt,42.17910000000001,archive/rivm_steenmeijer_2022/output/HotspotAnalysis.xlsx#aggreg (upstream https://github.com/rivm-syso/envr-footprint-healthcare)
steenmeijer_2022,NLD,2016,Indirect,Middle East,Cyprus,material_extraction,kt,3.311604693586264,archive/rivm_steenmeijer_2022/output/HotspotAnalysis.xlsx#aggreg (upstream https://github.com/rivm-syso/envr-footprint-healthcare)
steenmeijer_2022,NLD,2016,Indirect,Middle East,RoW Middle East,material_extraction,kt,3232.671914984041,archive/rivm_steenmeijer_2022/output/HotspotAnalysis.xlsx#aggreg (upstream https://github.com/rivm-syso/envr-footprint-healthcare)
steenmeijer_2022,NLD,2016,Indirect,Middle East,Turkey,material_extraction,kt,172.6636276974504,archive/rivm_steenmeijer_2022/output/HotspotAnalysis.xlsx#aggreg (upstream https://github.com/rivm-syso/envr-footprint-healthcare)
steenmeijer_2022,NLD,2016,Indirect,Netherlands,Netherlands,material_extraction,kt,831.7984015788539,archive/rivm_steenmeijer_2022/output/HotspotAnalysis.xlsx#aggreg (upstream https://github.com/rivm-syso/envr-footprint-healthcare)
steenmeijer_2022,NLD,2016,Direct,Netherlands,Netherlands,blue_water_consumption,Mm3,0.0,archive/rivm_steenmeijer_2022/output/HotspotAnalysis.xlsx#aggreg (upstream https://github.com/rivm-syso/envr-footprint-healthcare)
steenmeijer_2022,NLD,2016,Indirect,Africa,RoW Africa,blue_water_consumption,Mm3,25.8898228483779,archive/rivm_steenmeijer_2022/output/HotspotAnalysis.xlsx#aggreg (upstream https://github.com/rivm-syso/envr-footprint-healthcare)
steenmeijer_2022,NLD,2016,Indirect,Africa,South Africa,blue_water_consumption,Mm3,2.613112165833764,archive/rivm_steenmeijer_2022/output/HotspotAnalysis.xlsx#aggreg (upstream https://github.com/rivm-syso/envr-footprint-healthcare)
steenmeijer_2022,NLD,2016,Indirect,America,Brazil,blue_water_consumption,Mm3,8.517871041613189,archive/rivm_steenmeijer_2022/output/HotspotAnalysis.xlsx#aggreg (upstream https://github.com/rivm-syso/envr-footprint-healthcare)
steenmeijer_2022,NLD,2016,Indirect,America,Canada,blue_water_consumption,Mm3,0.4233240619084397,archive/rivm_steenmeijer_2022/output/HotspotAnalysis.xlsx#aggreg (upstream https://github.com/rivm-syso/envr-footprint-healthcare)
steenmeijer_2022,NLD,2016,Indirect,America,Mexico,blue_water_consumption,Mm3,2.548800639669942,archive/rivm_steenmeijer_2022/output/HotspotAnalysis.xlsx#aggreg (upstream https://github.com/rivm-syso/envr-footprint-healthcare)
steenmeijer_2022,NLD,2016,Indirect,America,RoW America,blue_water_consumption,Mm3,10.83531449565287,archive/rivm_steenmeijer_2022/output/HotspotAnalysis.xlsx#aggreg (upstream https://github.com/rivm-syso/envr-footprint-healthcare)
steenmeijer_2022,NLD,2016,Indirect,America,United States,blue_water_consumption,Mm3,33.56375774745112,archive/rivm_steenmeijer_2022/output/HotspotAnalysis.xlsx#aggreg (upstream https://github.com/rivm-syso/envr-footprint-healthcare)
steenmeijer_2022,NLD,2016,Indirect,Asia and Pacific,Australia,blue_water_consumption,Mm3,6.081089445220987,archive/rivm_steenmeijer_2022/output/HotspotAnalysis.xlsx#aggreg (upstream https://github.com/rivm-syso/envr-footprint-healthcare)
steenmeijer_2022,NLD,2016,Indirect,Asia and Pacific,China,blue_water_consumption,Mm3,37.50942019073408,archive/rivm_steenmeijer_2022/output/HotspotAnalysis.xlsx#aggreg (upstream https://github.com/rivm-syso/envr-footprint-healthcare)
steenmeijer_2022,NLD,2016,Indirect,Asia and Pacific,India,blue_water_consumption,Mm3,52.67388271259578,archive/rivm_steenmeijer_2022/output/HotspotAnalysis.xlsx#aggreg (upstream https://github.com/rivm-syso/envr-footprint-healthcare)
steenmeijer_2022,NLD,2016,Indirect,Asia and Pacific,Indonesia,blue_water_consumption,Mm3,1.108904956838835,archive/rivm_steenmeijer_2022/output/HotspotAnalysis.xlsx#aggreg (upstream https://github.com/rivm-syso/envr-footprint-healthcare)
steenmeijer_2022,NLD,2016,Indirect,Asia and Pacific,Japan,blue_water_consumption,Mm3,0.215206476516129,archive/rivm_steenmeijer_2022/output/HotspotAnalysis.xlsx#aggreg (upstream https://github.com/rivm-syso/envr-footprint-healthcare)
steenmeijer_2022,NLD,2016,Indirect,Asia and Pacific,RoW Asia and Pacific,blue_water_consumption,Mm3,61.56257970407615,archive/rivm_steenmeijer_2022/output/HotspotAnalysis.xlsx#aggreg (upstream https://github.com/rivm-syso/envr-footprint-healthcare)
steenmeijer_2022,NLD,2016,Indirect,Asia and Pacific,South Korea,blue_water_consumption,Mm3,0.2704460136384518,archive/rivm_steenmeijer_2022/output/HotspotAnalysis.xlsx#aggreg (upstream https://github.com/rivm-syso/envr-footprint-healthcare)
steenmeijer_2022,NLD,2016,Indirect,Asia and Pacific,Taiwan,blue_water_consumption,Mm3,0.09173716110916622,archive/rivm_steenmeijer_2022/output/HotspotAnalysis.xlsx#aggreg (upstream https://github.com/rivm-syso/envr-footprint-healthcare)
steenmeijer_2022,NLD,2016,Indirect,Europe,Austria,blue_water_consumption,Mm3,0.1280325036410338,archive/rivm_steenmeijer_2022/output/HotspotAnalysis.xlsx#aggreg (upstream https://github.com/rivm-syso/envr-footprint-healthcare)
steenmeijer_2022,NLD,2016,Indirect,Europe,Belgium,blue_water_consumption,Mm3,1.140647718638834,archive/rivm_steenmeijer_2022/output/HotspotAnalysis.xlsx#aggreg (upstream https://github.com/rivm-syso/envr-footprint-healthcare)
steenmeijer_2022,NLD,2016,Indirect,Europe,Bulgaria,blue_water_consumption,Mm3,0.1933689753080558,archive/rivm_steenmeijer_2022/output/HotspotAnalysis.xlsx#aggreg (upstream https://github.com/rivm-syso/envr-footprint-healthcare)
steenmeijer_2022,NLD,2016,Indirect,Europe,Croatia,blue_water_consumption,Mm3,0.02298787323954075,archive/rivm_steenmeijer_2022/output/HotspotAnalysis.xlsx#aggreg (upstream https://github.com/rivm-syso/envr-footprint-healthcare)
steenmeijer_2022,NLD,2016,Indirect,Europe,Czech Republic,blue_water_consumption,Mm3,0.1039740071904568,archive/rivm_steenmeijer_2022/output/HotspotAnalysis.xlsx#aggreg (upstream https://github.com/rivm-syso/envr-footprint-healthcare)
steenmeijer_2022,NLD,2016,Indirect,Europe,Denmark,blue_water_consumption,Mm3,0.07247797392153203,archive/rivm_steenmeijer_2022/output/HotspotAnalysis.xlsx#aggreg (upstream https://github.com/rivm-syso/envr-footprint-healthcare)
steenmeijer_2022,NLD,2016,Indirect,Europe,Estonia,blue_water_consumption,Mm3,0.008366700952666504,archive/rivm_steenmeijer_2022/output/HotspotAnalysis.xlsx#aggreg (upstream https://github.com/rivm-syso/envr-footprint-healthcare)
steenmeijer_2022,NLD,2016,Indirect,Europe,Finland,blue_water_consumption,Mm3,0.1018894992262991,archive/rivm_steenmeijer_2022/output/HotspotAnalysis.xlsx#aggreg (upstream https://github.com/rivm-syso/envr-footprint-healthcare)
steenmeijer_2022,NLD,2016,Indirect,Europe,France,blue_water_consumption,Mm3,1.395525215871767,archive/rivm_steenmeijer_2022/output/HotspotAnalysis.xlsx#aggreg (upstream https://github.com/rivm-syso/envr-footprint-healthcare)
steenmeijer_2022,NLD,2016,Indirect,Europe,Germany,blue_water_consumption,Mm3,1.62851004908513,archive/rivm_steenmeijer_2022/output/HotspotAnalysis.xlsx#aggreg (upstream https://github.com/rivm-syso/envr-footprint-healthcare)
steenmeijer_2022,NLD,2016,Indirect,Europe,Greece,blue_water_consumption,Mm3,0.6403224666860197,archive/rivm_steenmeijer_2022/output/HotspotAnalysis.xlsx#aggreg (upstream https://github.com/rivm-syso/envr-footprint-healthcare)
steenmeijer_2022,NLD,2016,Indirect,Europe,Hungary,blue_water_consumption,Mm3,0.2117928580904469,archive/rivm_steenmeijer_2022/output/HotspotAnalysis.xlsx#aggreg (upstream https://github.com/rivm-syso/envr-footprint-healthcare)
steenmeijer_2022,NLD,2016,Indirect,Europe,Ireland,blue_water_consumption,Mm3,0.4154625278880082,archive/rivm_steenmeijer_2022/output/HotspotAnalysis.xlsx#aggreg (upstream https://github.com/rivm-syso/envr-footprint-healthcare)
steenmeijer_2022,NLD,2016,Indirect,Europe,Italy,blue_water_consumption,Mm3,0.8490899150656273,archive/rivm_steenmeijer_2022/output/HotspotAnalysis.xlsx#aggreg (upstream https://github.com/rivm-syso/envr-footprint-healthcare)
steenmeijer_2022,NLD,2016,Indirect,Europe,Latvia,blue_water_consumption,Mm3,0.02098753696806221,archive/rivm_steenmeijer_2022/output/HotspotAnalysis.xlsx#aggreg (upstream https://github.com/rivm-syso/envr-footprint-healthcare)
steenmeijer_2022,NLD,2016,Indirect,Europe,Lithuania,blue_water_consumption,Mm3,0.02662697296852125,archive/rivm_steenmeijer_2022/output/HotspotAnalysis.xlsx#aggreg (upstream https://github.com/rivm-syso/envr-footprint-healthcare)
steenmeijer_2022,NLD,2016,Indirect,Europe,Luxembourg,blue_water_consumption,Mm3,0.007695976848158581,archive/rivm_steenmeijer_2022/output/HotspotAnalysis.xlsx#aggreg (upstream https://github.com/rivm-syso/envr-footprint-healthcare)
steenmeijer_2022,NLD,2016,Indirect,Europe,Malta,blue_water_consumption,Mm3,0.005557043535536378,archive/rivm_steenmeijer_2022/output/HotspotAnalysis.xlsx#aggreg (upstream https://github.com/rivm-syso/envr-footprint-healthcare)
steenmeijer_2022,NLD,2016,Indirect,Europe,Norway,blue_water_consumption,Mm3,0.1437774963023693,archive/rivm_steenmeijer_2022/output/HotspotAnalysis.xlsx#aggreg (upstream https://github.com/rivm-syso/envr-footprint-healthcare)
steenmeijer_2022,NLD,2016,Indirect,Europe,Poland,blue_water_consumption,Mm3,0.7531248573716678,archive/rivm_steenmeijer_2022/output/HotspotAnalysis.xlsx#aggreg (upstream https://github.com/rivm-syso/envr-footprint-healthcare)
steenmeijer_2022,NLD,2016,Indirect,Europe,Portugal,blue_water_consumption,Mm3,0.3303005031001207,archive/rivm_steenmeijer_2022/output/HotspotAnalysis.xlsx#aggreg (upstream https://github.com/rivm-syso/envr-footprint-healthcare)
steenmeijer_2022,NLD,2016,Indirect,Europe,RoW Europe,blue_water_consumption,Mm3,5.410010498403281,archive/rivm_steenmeijer_2022/output/HotspotAnalysis.xlsx#aggreg (upstream https://github.com/rivm-syso/envr-footprint-healthcare)
steenmeijer_2022,NLD,2016,Indirect,Europe,Romania,blue_water_consumption,Mm3,2.108909822581443,archive/rivm_steenmeijer_2022/output/HotspotAnalysis.xlsx#aggreg (upstream https://github.com/rivm-syso/envr-footprint-healthcare)
steenmeijer_2022,NLD,2016,Indirect,Europe,Russia,blue_water_consumption,Mm3,5.69192807737098,archive/rivm_steenmeijer_2022/output/HotspotAnalysis.xlsx#aggreg (upstream https://github.com/rivm-syso/envr-footprint-healthcare)
steenmeijer_2022,NLD,2016,Indirect,Europe,Slovakia,blue_water_consumption,Mm3,0.109192428386165,archive/rivm_steenmeijer_2022/output/HotspotAnalysis.xlsx#aggreg (upstream https://github.com/rivm-syso/envr-footprint-healthcare)
steenmeijer_2022,NLD,2016,Indirect,Europe,Slovenia,blue_water_consumption,Mm3,0.009998272406635183,archive/rivm_steenmeijer_2022/output/HotspotAnalysis.xlsx#aggreg (upstream https://github.com/rivm-syso/envr-footprint-healthcare)
steenmeijer_2022,NLD,2016,Indirect,Europe,Spain,blue_water_consumption,Mm3,4.143977492227548,archive/rivm_steenmeijer_2022/output/HotspotAnalysis.xlsx#aggreg (upstream https://github.com/rivm-syso/envr-footprint-healthcare)
steenmeijer_2022,NLD,2016,Indirect,Europe,Sweden,blue_water_consumption,Mm3,0.1816124239997718,archive/rivm_steenmeijer_2022/output/HotspotAnalysis.xlsx#aggreg (upstream https://github.com/rivm-syso/envr-footprint-healthcare)
steenmeijer_2022,NLD,2016,Indirect,Europe,Switzerland,blue_water_consumption,Mm3,0.1117212804287476,archive/rivm_steenmeijer_2022/output/HotspotAnalysis.xlsx#aggreg (upstream https://github.com/rivm-syso/envr-footprint-healthcare)
steenmeijer_2022,NLD,2016,Indirect,Europe,United Kingdom,blue_water_consumption,Mm3,0.4880779472942285,archive/rivm_steenmeijer_2022/output/HotspotAnalysis.xlsx#aggreg (upstream https://github.com/rivm-syso/envr-footprint-healthcare)
steenmeijer_2022,NLD,2016,Indirect,Global,Global,blue_water_consumption,Mm3,0.2925,archive/rivm_steenmeijer_2022/output/HotspotAnalysis.xlsx#aggreg (upstream https://github.com/rivm-syso/envr-footprint-healthcare)
steenmeijer_2022,NLD,2016,Indirect,Middle East,Cyprus,blue_water_consumption,Mm3,0.06209095580215435,archive/rivm_steenmeijer_2022/output/HotspotAnalysis.xlsx#aggreg (upstream https://github.com/rivm-syso/envr-footprint-healthcare)
steenmeijer_2022,NLD,2016,Indirect,Middle East,RoW Middle East,blue_water_consumption,Mm3,109.5345278312257,archive/rivm_steenmeijer_2022/output/HotspotAnalysis.xlsx#aggreg (upstream https://github.com/rivm-syso/envr-footprint-healthcare)
steenmeijer_2022,NLD,2016,Indirect,Middle East,Turkey,blue_water_consumption,Mm3,4.644904222093457,archive/rivm_steenmeijer_2022/output/HotspotAnalysis.xlsx#aggreg (upstream https://github.com/rivm-syso/envr-footprint-healthcare)
steenmeijer_2022,NLD,2016,Indirect,Netherlands,Netherlands,blue_water_consumption,Mm3,9.948656949634504,archive/rivm_steenmeijer_2022/output/HotspotAnalysis.xlsx#aggreg (upstream https://github.com/rivm-syso/envr-footprint-healthcare)
steenmeijer_2022,NLD,2016,Direct,Netherlands,Netherlands,land_use,km2,0.0,archive/rivm_steenmeijer_2022/output/HotspotAnalysis.xlsx#aggreg (upstream https://github.com/rivm-syso/envr-footprint-healthcare)
steenmeijer_2022,NLD,2016,Indirect,Africa,RoW Africa,land_use,km2,3100.301159110698,archive/rivm_steenmeijer_2022/output/HotspotAnalysis.xlsx#aggreg (upstream https://github.com/rivm-syso/envr-footprint-healthcare)
steenmeijer_2022,NLD,2016,Indirect,Africa,South Africa,land_use,km2,814.0822104718965,archive/rivm_steenmeijer_2022/output/HotspotAnalysis.xlsx#aggreg (upstream https://github.com/rivm-syso/envr-footprint-healthcare)
steenmeijer_2022,NLD,2016,Indirect,America,Brazil,land_use,km2,1481.518522702855,archive/rivm_steenmeijer_2022/output/HotspotAnalysis.xlsx#aggreg (upstream https://github.com/rivm-syso/envr-footprint-healthcare)
steenmeijer_2022,NLD,2016,Indirect,America,Canada,land_use,km2,575.9707389447753,archive/rivm_steenmeijer_2022/output/HotspotAnalysis.xlsx#aggreg (upstream https://github.com/rivm-syso/envr-footprint-healthcare)
steenmeijer_2022,NLD,2016,Indirect,America,Mexico,land_use,km2,145.5862509926999,archive/rivm_steenmeijer_2022/output/HotspotAnalysis.xlsx#aggreg (upstream https://github.com/rivm-syso/envr-footprint-healthcare)
steenmeijer_2022,NLD,2016,Indirect,America,RoW America,land_use,km2,2907.604718964086,archive/rivm_steenmeijer_2022/output/HotspotAnalysis.xlsx#aggreg (upstream https://github.com/rivm-syso/envr-footprint-healthcare)
steenmeijer_2022,NLD,2016,Indirect,America,United States,land_use,km2,1783.563952305457,archive/rivm_steenmeijer_2022/output/HotspotAnalysis.xlsx#aggreg (upstream https://github.com/rivm-syso/envr-footprint-healthcare)
steenmeijer_2022,NLD,2016,Indirect,Asia and Pacific,Australia,land_use,km2,2748.93293369767,archive/rivm_steenmeijer_2022/output/HotspotAnalysis.xlsx#aggreg (upstream https://github.com/rivm-syso/envr-footprint-healthcare)
steenmeijer_2022,NLD,2016,Indirect,Asia and Pacific,China,land_use,km2,1200.86559904647,archive/rivm_steenmeijer_2022/output/HotspotAnalysis.xlsx#aggreg (upstream https://github.com/rivm-syso/envr-footprint-healthcare)
steenmeijer_2022,NLD,2016,Indirect,Asia and Pacific,India,land_use,km2,423.9914842732462,archive/rivm_steenmeijer_2022/output/HotspotAnalysis.xlsx#aggreg (upstream https://github.com/rivm-syso/envr-footprint-healthcare)
steenmeijer_2022,NLD,2016,Indirect,Asia and Pacific,Indonesia,land_use,km2,631.2392714352932,archive/rivm_steenmeijer_2022/output/HotspotAnalysis.xlsx#aggreg (upstream https://github.com/rivm-syso/envr-footprint-healthcare)
steenmeijer_2022,NLD,2016,Indirect,Asia and Pacific,Japan,land_use,km2,11.38547887500149,archive/rivm_steenmeijer_2022/output/HotspotAnalysis.xlsx#aggreg (upstream https://github.com/rivm-syso/envr-footprint-healthcare)
steenmeijer_2022,NLD,2016,Indirect,Asia and Pacific,RoW Asia and Pacific,land_use,km2,1674.732225929469,archive/rivm_steenmeijer_2022/output/HotspotAnalysis.xlsx#aggreg (upstream https://github.com/rivm-syso/envr-footprint-healthcare)
steenmeijer_2022,NLD,2016,Indirect,Asia and Pacific,South Korea,land_use,km2,8.633637183984625,archive/rivm_steenmeijer_2022/output/HotspotAnalysis.xlsx#aggreg (upstream https://github.com/rivm-syso/envr-footprint-healthcare)
steenmeijer_2022,NLD,2016,Indirect,Asia and Pacific,Taiwan,land_use,km2,47.11763637016821,archive/rivm_steenmeijer_2022/output/HotspotAnalysis.xlsx#aggreg (upstream https://github.com/rivm-syso/envr-footprint-healthcare)
steenmeijer_2022,NLD,2016,Indirect,Europe,Austria,land_use,km2,27.95465447120548,archive/rivm_steenmeijer_2022/output/HotspotAnalysis.xlsx#aggreg (upstream https://github.com/rivm-syso/envr-footprint-healthcare)
steenmeijer_2022,NLD,2016,Indirect,Europe,Belgium,land_use,km2,36.40457489915969,archive/rivm_steenmeijer_2022/output/HotspotAnalysis.xlsx#aggreg (upstream https://github.com/rivm-syso/envr-footprint-healthcare)
steenmeijer_2022,NLD,2016,Indirect,Europe,Bulgaria,land_use,km2,59.54632702842188,archive/rivm_steenmeijer_2022/output/HotspotAnalysis.xlsx#aggreg (upstream https://github.com/rivm-syso/envr-footprint-healthcare)
steenmeijer_2022,NLD,2016,Indirect,Europe,Croatia,land_use,km2,7.227860871364052,archive/rivm_steenmeijer_2022/output/HotspotAnalysis.xlsx#aggreg (upstream https://github.com/rivm-syso/envr-footprint-healthcare)
steenmeijer_2022,NLD,2016,Indirect,Europe,Czech Republic,land_use,km2,29.59063125999238,archive/rivm_steenmeijer_2022/output/HotspotAnalysis.xlsx#aggreg (upstream https://github.com/rivm-syso/envr-footprint-healthcare)
steenmeijer_2022,NLD,2016,Indirect,Europe,Denmark,land_use,km2,18.3891874695307,archive/rivm_steenmeijer_2022/output/HotspotAnalysis.xlsx#aggreg (upstream https://github.com/rivm-syso/envr-footprint-healthcare)
steenmeijer_2022,NLD,2016,Indirect,Europe,Estonia,land_use,km2,38.34292329556659,archive/rivm_steenmeijer_2022/output/HotspotAnalysis.xlsx#aggreg (upstream https://github.com/rivm-syso/envr-footprint-healthcare)
steenmeijer_2022,NLD,2016,Indirect,Europe,Finland,land_use,km2,74.71378896159115,archive/rivm_steenmeijer_2022/output/HotspotAnalysis.xlsx#aggreg (upstream https://github.com/rivm-syso/envr-footprint-healthcare)
steenmeijer_2022,NLD,2016,Indirect,Europe,France,land_use,km2,190.3321791337377,archive/rivm_steenmeijer_2022/output/HotspotAnalysis.xlsx#aggreg (upstream https://github.com/rivm-syso/envr-footprint-healthcare)
steenmeijer_2022,NLD,2016,Indirect,Europe,Germany,land_use,km2,201.2776807064367,archive/rivm_steenmeijer_2022/output/HotspotAnalysis.xlsx#aggreg (upstream https://github.com/rivm-syso/envr-footprint-healthcare)
steenmeijer_2022,NLD,2016,Indirect,Europe,Greece,land_use,km2,75.57415114501437,archive/rivm_steenmeijer_2022/output/HotspotAnalysis.xlsx#aggreg (upstream https://github.com/rivm-syso/envr-footprint-healthcare)
steenmeijer_2022,NLD,2016,Indirect,Europe,Hungary,land_use,km2,54.77106399418768,archive/rivm_steenmeijer_2022/output/HotspotAnalysis.xlsx#aggreg (upstream https://github.com/rivm-syso/envr-footprint-healthcare)
steenmeijer_2022,NLD,2016,Indirect,Europe,Ireland,land_use,km2,86.24705276380209,archive/rivm_steenmeijer_2022/output/HotspotAnalysis.xlsx#aggreg (upstream https://github.com/rivm-syso/envr-footprint-healthcare)
steenmeijer_2022,NLD,2016,Indirect,Europe,Italy,land_use,km2,60.31419742358865,archive/rivm_steenmeijer_2022/output/HotspotAnalysis.xlsx#aggreg (upstream https://github.com/rivm-syso/envr-footprint-healthcare)
steenmeijer_2022,NLD,2016,Indirect,Europe,Latvia,land_use,km2,70.56920141468484,archive/rivm_steenmeijer_2022/output/HotspotAnalysis.xlsx#aggreg (upstream https://github.com/rivm-syso/envr-footprint-healthcare)
steenmeijer_2022,NLD,2016,Indirect,Europe,Lithuania,land_use,km2,58.58186896544358,archive/rivm_steenmeijer_2022/output/HotspotAnalysis.xlsx#aggreg (upstream https://github.com/rivm-syso/envr-footprint-healthcare)
steenmeijer_2022,NLD,2016,Indirect,Europe,Luxembourg,land_use,km2,2.342326773617728,archive/rivm_steenmeijer_2022/output/HotspotAnalysis.xlsx#aggreg (upstream https://github.com/rivm-syso/envr-footprint-healthcare)
steenmeijer_2022,NLD,2016,Indirect,Europe,Malta,land_use,km2,0.1160946644224066,archive/rivm_steenmeijer_2022/output/HotspotAnalysis.xlsx#aggreg (upstream https://github.com/rivm-syso/envr-footprint-healthcare)
steenmeijer_2022,NLD,2016,Indirect,Europe,Norway,land_use,km2,102.3332894221752,archive/rivm_steenmeijer_2022/output/HotspotAnalysis.xlsx#aggreg (upstream https://github.com/rivm-syso/envr-footprint-healthcare)
steenmeijer_2022,NLD,2016,Indirect,Europe,Poland,land_use,km2,85.90239286245743,archive/rivm_steenmeijer_2022/output/HotspotAnalysis.xlsx#aggreg (upstream https://github.com/rivm-syso/envr-footprint-healthcare)
steenmeijer_2022,NLD,2016,Indirect,Europe,Portugal,land_use,km2,21.11529704024714,archive/rivm_steenmeijer_2022/output/HotspotAnalysis.xlsx#aggreg (upstream https://github.com/rivm-syso/envr-footprint-healthcare)
steenmeijer_2022,NLD,2016,Indirect,Europe,RoW Europe,land_use,km2,862.5987675317531,archive/rivm_steenmeijer_2022/output/HotspotAnalysis.xlsx#aggreg (upstream https://github.com/rivm-syso/envr-footprint-healthcare)
steenmeijer_2022,NLD,2016,Indirect,Europe,Romania,land_use,km2,219.4500549618029,archive/rivm_steenmeijer_2022/output/HotspotAnalysis.xlsx#aggreg (upstream https://github.com/rivm-syso/envr-footprint-healthcare)
steenmeijer_2022,NLD,2016,Indirect,Europe,Russia,land_use,km2,2357.621579579333,archive/rivm_steenmeijer_2022/output/HotspotAnalysis.xlsx#aggreg (upstream https://github.com/rivm-syso/envr-footprint-healthcare)
steenmeijer_2022,NLD,2016,Indirect,Europe,Slovakia,land_use,km2,20.44284769932114,archive/rivm_steenmeijer_2022/output/HotspotAnalysis.xlsx#aggreg (upstream https://github.com/rivm-syso/envr-footprint-healthcare)
steenmeijer_2022,NLD,2016,Indirect,Europe,Slovenia,land_use,km2,2.760990425456919,archive/rivm_steenmeijer_2022/output/HotspotAnalysis.xlsx#aggreg (upstream https://github.com/rivm-syso/envr-footprint-healthcare)
steenmeijer_2022,NLD,2016,Indirect,Europe,Spain,land_use,km2,273.1861628263469,archive/rivm_steenmeijer_2022/output/HotspotAnalysis.xlsx#aggreg (upstream https://github.com/rivm-syso/envr-footprint-healthcare)
steenmeijer_2022,NLD,2016,Indirect,Europe,Sweden,land_use,km2,259.9266769906526,archive/rivm_steenmeijer_2022/output/HotspotAnalysis.xlsx#aggreg (upstream https://github.com/rivm-syso/envr-footprint-healthcare)
steenmeijer_2022,NLD,2016,Indirect,Europe,Switzerland,land_use,km2,21.82840917470461,archive/rivm_steenmeijer_2022/output/HotspotAnalysis.xlsx#aggreg (upstream https://github.com/rivm-syso/envr-footprint-healthcare)
steenmeijer_2022,NLD,2016,Indirect,Europe,United Kingdom,land_use,km2,96.05012412193666,archive/rivm_steenmeijer_2022/output/HotspotAnalysis.xlsx#aggreg (upstream https://github.com/rivm-syso/envr-footprint-healthcare)
steenmeijer_2022,NLD,2016,Indirect,Global,Global,land_use,km2,2.7462,archive/rivm_steenmeijer_2022/output/HotspotAnalysis.xlsx#aggreg (upstream https://github.com/rivm-syso/envr-footprint-healthcare)
steenmeijer_2022,NLD,2016,Indirect,Middle East,Cyprus,land_use,km2,6.345272299318693,archive/rivm_steenmeijer_2022/output/HotspotAnalysis.xlsx#aggreg (upstream https://github.com/rivm-syso/envr-footprint-healthcare)
steenmeijer_2022,NLD,2016,Indirect,Middle East,RoW Middle East,land_use,km2,600.1146801219969,archive/rivm_steenmeijer_2022/output/HotspotAnalysis.xlsx#aggreg (upstream https://github.com/rivm-syso/envr-footprint-healthcare)
steenmeijer_2022,NLD,2016,Indirect,Middle East,Turkey,land_use,km2,55.95746443918461,archive/rivm_steenmeijer_2022/output/HotspotAnalysis.xlsx#aggreg (upstream https://github.com/rivm-syso/envr-footprint-healthcare)
steenmeijer_2022,NLD,2016,Indirect,Netherlands,Netherlands,land_use,km2,246.9678108475206,archive/rivm_steenmeijer_2022/output/HotspotAnalysis.xlsx#aggreg (upstream https://github.com/rivm-syso/envr-footprint-healthcare)
steenmeijer_2022,NLD,2016,Direct,Netherlands,Netherlands,waste_generation,kt,190.2618270286488,archive/rivm_steenmeijer_2022/output/HotspotAnalysis.xlsx#aggreg (upstream https://github.com/rivm-syso/envr-footprint-healthcare)
steenmeijer_2022,NLD,2016,Indirect,Africa,RoW Africa,waste_generation,kt,191.0798360561867,archive/rivm_steenmeijer_2022/output/HotspotAnalysis.xlsx#aggreg (upstream https://github.com/rivm-syso/envr-footprint-healthcare)
steenmeijer_2022,NLD,2016,Indirect,Africa,South Africa,waste_generation,kt,94.19108536334613,archive/rivm_steenmeijer_2022/output/HotspotAnalysis.xlsx#aggreg (upstream https://github.com/rivm-syso/envr-footprint-healthcare)
steenmeijer_2022,NLD,2016,Indirect,America,Brazil,waste_generation,kt,432.767120569267,archive/rivm_steenmeijer_2022/output/HotspotAnalysis.xlsx#aggreg (upstream https://github.com/rivm-syso/envr-footprint-healthcare)
steenmeijer_2022,NLD,2016,Indirect,America,Canada,waste_generation,kt,45.34628999742459,archive/rivm_steenmeijer_2022/output/HotspotAnalysis.xlsx#aggreg (upstream https://github.com/rivm-syso/envr-footprint-healthcare)
steenmeijer_2022,NLD,2016,Indirect,America,Mexico,waste_generation,kt,52.00465448009228,archive/rivm_steenmeijer_2022/output/HotspotAnalysis.xlsx#aggreg (upstream https://github.com/rivm-syso/envr-footprint-healthcare)
steenmeijer_2022,NLD,2016,Indirect,America,RoW America,waste_generation,kt,944.9167130851082,archive/rivm_steenmeijer_2022/output/HotspotAnalysis.xlsx#aggreg (upstream https://github.com/rivm-syso/envr-footprint-healthcare)
steenmeijer_2022,NLD,2016,Indirect,America,United States,waste_generation,kt,313.8158191105535,archive/rivm_steenmeijer_2022/output/HotspotAnalysis.xlsx#aggreg (upstream https://github.com/rivm-syso/envr-footprint-healthcare)
steenmeijer_2022,NLD,2016,Indirect,Asia and Pacific,Australia,waste_generation,kt,291.6470477787539,archive/rivm_steenmeijer_2022/output/HotspotAnalysis.xlsx#aggreg (upstream https://github.com/rivm-syso/envr-footprint-healthcare)
steenmeijer_2022,NLD,2016,Indirect,Asia and Pacific,China,waste_generation,kt,412.3674461155919,archive/rivm_steenmeijer_2022/output/HotspotAnalysis.xlsx#aggreg (upstream https://github.com/rivm-syso/envr-footprint-healthcare)
steenmeijer_2022,NLD,2016,Indirect,Asia and Pacific,India,waste_generation,kt,129.7714610998899,archive/rivm_steenmeijer_2022/output/HotspotAnalysis.xlsx#aggreg (upstream https://github.com/rivm-syso/envr-footprint-healthcare)
steenmeijer_2022,NLD,2016,Indirect,Asia and Pacific,Indonesia,waste_generation,kt,152.429522900505,archive/rivm_steenmeijer_2022/output/HotspotAnalysis.xlsx#aggreg (upstream https://github.com/rivm-syso/envr-footprint-healthcare)
steenmeijer_2022,NLD,2016,Indirect,Asia and Pacific,Japan,waste_generation,kt,5.947947702303079,archive/rivm_steenmeijer_2022/output/HotspotAnalysis.xlsx#aggreg (upstream https://github.com/rivm-syso/envr-footprint-healthcare)
steenmeijer_2022,NLD,2016,Indirect,Asia and Pacific,RoW Asia and Pacific,waste_generation,kt,228.0049986819518,archive/rivm_steenmeijer_2022/output/HotspotAnalysis.xlsx#aggreg (upstream https://github.com/rivm-syso/envr-footprint-healthcare)
steenmeijer_2022,NLD,2016,Indirect,Asia and Pacific,South Korea,waste_generation,kt,6.721877878513651,archive/rivm_steenmeijer_2022/output/HotspotAnalysis.xlsx#aggreg (upstream https://github.com/rivm-syso/envr-footprint-healthcare)
steenmeijer_2022,NLD,2016,Indirect,Asia and Pacific,Taiwan,waste_generation,kt,0.0,archive/rivm_steenmeijer_2022/output/HotspotAnalysis.xlsx#aggreg (upstream https://github.com/rivm-syso/envr-footprint-healthcare)
steenmeijer_2022,NLD,2016,Indirect,Europe,Austria,waste_generation,kt,6.244174164284116,archive/rivm_steenmeijer_2022/output/HotspotAnalysis.xlsx#aggreg (upstream https://github.com/rivm-syso/envr-footprint-healthcare)
steenmeijer_2022,NLD,2016,Indirect,Europe,Belgium,waste_generation,kt,33.27777377219367,archive/rivm_steenmeijer_2022/output/HotspotAnalysis.xlsx#aggreg (upstream https://github.com/rivm-syso/envr-footprint-healthcare)
steenmeijer_2022,NLD,2016,Indirect,Europe,Bulgaria,waste_generation,kt,12.75056253224632,archive/rivm_steenmeijer_2022/output/HotspotAnalysis.xlsx#aggreg (upstream https://github.com/rivm-syso/envr-footprint-healthcare)
steenmeijer_2022,NLD,2016,Indirect,Europe,Croatia,waste_generation,kt,0.4894512620793375,archive/rivm_steenmeijer_2022/output/HotspotAnalysis.xlsx#aggreg (upstream https://github.com/rivm-syso/envr-footprint-healthcare)
steenmeijer_2022,NLD,2016,Indirect,Europe,Czech Republic,waste_generation,kt,4.183903998073883,archive/rivm_steenmeijer_2022/output/HotspotAnalysis.xlsx#aggreg (upstream https://github.com/rivm-syso/envr-footprint-healthcare)
steenmeijer_2022,NLD,2016,Indirect,Europe,Denmark,waste_generation,kt,5.509341545125194,archive/rivm_steenmeijer_2022/output/HotspotAnalysis.xlsx#aggreg (upstream https://github.com/rivm-syso/envr-footprint-healthcare)
steenmeijer_2022,NLD,2016,Indirect,Europe,Estonia,waste_generation,kt,0.645027312970944,archive/rivm_steenmeijer_2022/output/HotspotAnalysis.xlsx#aggreg (upstream https://github.com/rivm-syso/envr-footprint-healthcare)
steenmeijer_2022,NLD,2016,Indirect,Europe,Finland,waste_generation,kt,11.908218262116,archive/rivm_steenmeijer_2022/output/HotspotAnalysis.xlsx#aggreg (upstream https://github.com/rivm-syso/envr-footprint-healthcare)
steenmeijer_2022,NLD,2016,Indirect,Europe,France,waste_generation,kt,28.5525998465968,archive/rivm_steenmeijer_2022/output/HotspotAnalysis.xlsx#aggreg (upstream https://github.com/rivm-syso/envr-footprint-healthcare)
steenmeijer_2022,NLD,2016,Indirect,Europe,Germany,waste_generation,kt,69.64070556379089,archive/rivm_steenmeijer_2022/output/HotspotAnalysis.xlsx#aggreg (upstream https://github.com/rivm-syso/envr-footprint-healthcare)
steenmeijer_2022,NLD,2016,Indirect,Europe,Greece,waste_generation,kt,7.552375024797792,archive/rivm_steenmeijer_2022/output/HotspotAnalysis.xlsx#aggreg (upstream https://github.com/rivm-syso/envr-footprint-healthcare)
steenmeijer_2022,NLD,2016,Indirect,Europe,Hungary,waste_generation,kt,4.515984194756892,archive/rivm_steenmeijer_2022/output/HotspotAnalysis.xlsx#aggreg (upstream https://github.com/rivm-syso/envr-footprint-healthcare)
steenmeijer_2022,NLD,2016,Indirect,Europe,Ireland,waste_generation,kt,22.27463075226839,archive/rivm_steenmeijer_2022/output/HotspotAnalysis.xlsx#aggreg (upstream https://github.com/rivm-syso/envr-footprint-healthcare)
steenmeijer_2022,NLD,2016,Indirect,Europe,Italy,waste_generation,kt,8.032124739365464,archive/rivm_steenmeijer_2022/output/HotspotAnalysis.xlsx#aggreg (upstream https://github.com/rivm-syso/envr-footprint-healthcare)
steenmeijer_2022,NLD,2016,Indirect,Europe,Latvia,waste_generation,kt,1.002881839731756,archive/rivm_steenmeijer_2022/output/HotspotAnalysis.xlsx#aggreg (upstream https://github.com/rivm-syso/envr-footprint-healthcare)
steenmeijer_2022,NLD,2016,Indirect,Europe,Lithuania,waste_generation,kt,1.69759907697988,archive/rivm_steenmeijer_2022/output/HotspotAnalysis.xlsx#aggreg (upstream https://github.com/rivm-syso/envr-footprint-healthcare)
steenmeijer_2022,NLD,2016,Indirect,Europe,Luxembourg,waste_generation,kt,1.08685437672676,archive/rivm_steenmeijer_2022/output/HotspotAnalysis.xlsx#aggreg (upstream https://github.com/rivm-syso/envr-footprint-healthcare)
steenmeijer_2022,NLD,2016,Indirect,Europe,Malta,waste_generation,kt,0.2873263207963987,archive/rivm_steenmeijer_2022/output/HotspotAnalysis.xlsx#aggreg (upstream https://github.com/rivm-syso/envr-footprint-healthcare)
steenmeijer_2022,NLD,2016,Indirect,Europe,Norway,waste_generation,kt,5.792605151832452,archive/rivm_steenmeijer_2022/output/HotspotAnalysis.xlsx#aggreg (upstream https://github.com/rivm-syso/envr-footprint-healthcare)
steenmeijer_2022,NLD,2016,Indirect,Europe,Poland,waste_generation,kt,37.71232413745845,archive/rivm_steenmeijer_2022/output/HotspotAnalysis.xlsx#aggreg (upstream https://github.com/rivm-syso/envr-footprint-healthcare)
steenmeijer_2022,NLD,2016,Indirect,Europe,Portugal,waste_generation,kt,5.031876588310157,archive/rivm_steenmeijer_2022/output/HotspotAnalysis.xlsx#aggreg (upstream https://github.com/rivm-syso/envr-footprint-healthcare)
steenmeijer_2022,NLD,2016,Indirect,Europe,RoW Europe,waste_generation,kt,56.26472467248856,archive/rivm_steenmeijer_2022/output/HotspotAnalysis.xlsx#aggreg (upstream https://github.com/rivm-syso/envr-footprint-healthcare)
steenmeijer_2022,NLD,2016,Indirect,Europe,Romania,waste_generation,kt,15.43943718981781,archive/rivm_steenmeijer_2022/output/HotspotAnalysis.xlsx#aggreg (upstream https://github.com/rivm-syso/envr-footprint-healthcare)
steenmeijer_2022,NLD,2016,Indirect,Europe,Russia,waste_generation,kt,151.6356038126166,archive/rivm_steenmeijer_2022/output/HotspotAnalysis.xlsx#aggreg (upstream https://github.com/rivm-syso/envr-footprint-healthcare)
steenmeijer_2022,NLD,2016,Indirect,Europe,Slovakia,waste_generation,kt,2.243906072792142,archive/rivm_steenmeijer_2022/output/HotspotAnalysis.xlsx#aggreg (upstream https://github.com/rivm-syso/envr-footprint-healthcare)
steenmeijer_2022,NLD,2016,Indirect,Europe,Slovenia,waste_generation,kt,0.5421399829037394,archive/rivm_steenmeijer_2022/output/HotspotAnalysis.xlsx#aggreg (upstream https://github.com/rivm-syso/envr-footprint-healthcare)
steenmeijer_2022,NLD,2016,Indirect,Europe,Spain,waste_generation,kt,32.54199524632363,archive/rivm_steenmeijer_2022/output/HotspotAnalysis.xlsx#aggreg (upstream https://github.com/rivm-syso/envr-footprint-healthcare)
steenmeijer_2022,NLD,2016,Indirect,Europe,Sweden,waste_generation,kt,40.34611371747692,archive/rivm_steenmeijer_2022/output/HotspotAnalysis.xlsx#aggreg (upstream https://github.com/rivm-syso/envr-footprint-healthcare)
steenmeijer_2022,NLD,2016,Indirect,Europe,Switzerland,waste_generation,kt,4.225478663343067,archive/rivm_steenmeijer_2022/output/HotspotAnalysis.xlsx#aggreg (upstream https://github.com/rivm-syso/envr-footprint-healthcare)
steenmeijer_2022,NLD,2016,Indirect,Europe,United Kingdom,waste_generation,kt,13.89198629965322,archive/rivm_steenmeijer_2022/output/HotspotAnalysis.xlsx#aggreg (upstream https://github.com/rivm-syso/envr-footprint-healthcare)
steenmeijer_2022,NLD,2016,Indirect,Global,Global,waste_generation,kt,0.0,archive/rivm_steenmeijer_2022/output/HotspotAnalysis.xlsx#aggreg (upstream https://github.com/rivm-syso/envr-footprint-healthcare)
steenmeijer_2022,NLD,2016,Indirect,Middle East,Cyprus,waste_generation,kt,0.8166144561370702,archive/rivm_steenmeijer_2022/output/HotspotAnalysis.xlsx#aggreg (upstream https://github.com/rivm-syso/envr-footprint-healthcare)
steenmeijer_2022,NLD,2016,Indirect,Middle East,RoW Middle East,waste_generation,kt,237.051577511645,archive/rivm_steenmeijer_2022/output/HotspotAnalysis.xlsx#aggreg (upstream https://github.com/rivm-syso/envr-footprint-healthcare)
steenmeijer_2022,NLD,2016,Indirect,Middle East,Turkey,waste_generation,kt,13.77269384569123,archive/rivm_steenmeijer_2022/output/HotspotAnalysis.xlsx#aggreg (upstream https://github.com/rivm-syso/envr-footprint-healthcare)
steenmeijer_2022,NLD,2016,Indirect,Netherlands,Netherlands,waste_generation,kt,481.74014549238,archive/rivm_steenmeijer_2022/output/HotspotAnalysis.xlsx#aggreg (upstream https://github.com/rivm-syso/envr-footprint-healthcare)
