key,in_text,authors,year,title,source,doi,url,note
aguilar_hernandez_2018,"Aguilar-Hernandez et al., 2018","Aguilar-Hernandez, G. A., Sigüenza-Sanchez, C. P., Donati, F., Rodrigues, J. F. D., & Tukker, A.",2018,Assessing circularity interventions: A review of EEIOA-based studies,"Journal of Economic Structures, 7, 14",10.1186/s40008-018-0113-3,,Taxonomy and causality sequences for modelling circularity interventions in EEIOA; source of the reference/counterfactual formalism used in analysis.scenario_engine
belkhir_elmeligi_2019,"Belkhir & Elmeligi, 2019","Belkhir, L., & Elmeligi, A.",2019,Carbon footprint of the global pharmaceutical industry and relative impact of its major players,"Journal of Cleaner Production, 214, 185-194",10.1016/j.jclepro.2018.11.204,,Context for the pharmaceutical hotspot
bulle_2019,"Bulle et al., 2019","Bulle, C., Margni, M., Patouillard, L., Boulay, A.-M., Bourgault, G., De Bruille, V., Cao, V., Hauschild, M., Henderson, A., Humbert, S., Kashef-Haghighi, S., Kounina, A., Laurent, A., Levasseur, A., Liard, G., Rosenbaum, R. K., Roy, P.-O., Shaked, S., Fantke, P., & Jolliet, O.",2019,IMPACT World+: A globally regionalized life cycle impact assessment method,"The International Journal of Life Cycle Assessment, 24(9), 1653-1674",10.1007/s11367-019-01583-0,,Characterisation method computed alongside the DESIRE workbook in layer 16
cabernard_2019,"Cabernard et al., 2019","Cabernard, L., Pfister, S., & Hellweg, S.",2019,A new method for analyzing sustainability performance of global supply chains and its application to material resources,"Science of the Total Environment, 684, 164-177",10.1016/j.scitotenv.2019.04.434,,Target-sector perspective and the double-counting correction reproduced in layer 03
donati_2020,"Donati et al., 2020","Donati, F., Aguilar-Hernandez, G. A., Sigüenza-Sánchez, C. P., de Koning, A., Rodrigues, J. F. D., & Tukker, A.",2020,Modeling the circular economy in environmentally extended input-output tables: Methods software and case study,"Resources, Conservation and Recycling, 152, 104508",10.1016/j.resconrec.2019.104508,,Change-coefficient and substitution formalism (k_a = k_t k_p) implemented in analysis.scenario_engine
doucet_2025,"Doucet et al., 2025","Doucet, C., Lioussis, M., & Yamano, N.",2025,Measuring greenhouse gas emissions in the health sector,OECD Health Working Papers No. 179,10.1787/4d15c6ef-en,,First-tier Scope 2 convention reported as a sensitivity in layer 02
eckelman_sherman_2016,"Eckelman & Sherman, 2016","Eckelman, M. J., & Sherman, J.",2016,Environmental impacts of the U.S. health care system and effects on public health,"PLOS ONE, 11(6), e0157014",10.1371/journal.pone.0157014,,Comparator replicated in layer 14
hertwich_2011,"Hertwich, 2011","Hertwich, E. G.",2011,The life cycle environmental impacts of consumption,"Economic Systems Research, 23(1), 27-47",10.1080/09535314.2010.536905,,Capital endogenisation as a modelling choice; sizes what is at stake
hertwich_wood_2018,"Hertwich & Wood, 2018","Hertwich, E. G., & Wood, R.",2018,The growing importance of scope 3 greenhouse gas emissions from industry,"Environmental Research Letters, 13(10), 104013",10.1088/1748-9326/aae19a,,Scope partition E_Z = m-hat Z with m = s L; the study's reported Scope 2 convention
huijbregts_2017,"Huijbregts et al., 2017","Huijbregts, M. A. J., Steinmann, Z. J. N., Elshout, P. M. F., Stam, G., Verones, F., Vieira, M., Zijp, M., Hollander, A., & van Zelm, R.",2017,ReCiPe2016: A harmonised life cycle impact assessment method at midpoint and endpoint level,"The International Journal of Life Cycle Assessment, 22(2), 138-147",10.1007/s11367-016-1246-y,,Characterisation cited by the submitted manuscript; see the correction in the assessment note
jeswani_azapagic_2019,"Jeswani & Azapagic, 2019","Jeswani, H. K., & Azapagic, A.",2019,Life cycle environmental impacts of inhalers,"Journal of Cleaner Production, 237, 117733",10.1016/j.jclepro.2019.117733,,Propellant and device-class scenarios P6 and P7; source of the dry-powder burden shift
kagawa_2009,"Kagawa et al., 2009","Kagawa, S., Nansai, K., & Kudoh, Y.",2009,Does product lifetime extension increase our income at the expense of energy consumption?,"Energy Economics, 31(4), 597-606",10.1016/j.eneco.2008.08.011,,Product lifetime extension in an input-output setting; scenario P4
lenzen_2010,"Lenzen et al., 2010","Lenzen, M., Wood, R., & Wiedmann, T.",2010,Uncertainty analysis for multi-region input-output models - A case study of the UK's carbon footprint,"Economic Systems Research, 22(1), 43-63",10.1080/09535311003661226,,Lognormal multipliers as the standard choice for input-output uncertainty propagation
lenzen_2020,"Lenzen et al., 2020","Lenzen, M., Malik, A., Li, M., Fry, J., Weisz, H., Pichler, P.-P., Chaves, L. S. M., Capon, A., & Pencheon, D.",2020,The environmental footprint of health care: A global assessment,"The Lancet Planetary Health, 4(7), e271-e279",10.1016/S2542-5196(20)30121-2,,"Danish health-care GHG footprint 2.84 +/- 0.24 Mt (SI table 7.1), the 8.35 % calibrating the MRIO uncertainty factor"
leontief_1970,"Leontief, 1970","Leontief, W.",1970,Environmental repercussions and the economic structure: An input-output approach,"The Review of Economics and Statistics, 52(3), 262-271",10.2307/1926294,,Origin of the environmentally extended input-output model
malik_2018,"Malik et al., 2018","Malik, A., Lenzen, M., McAlister, S., & McGain, F.",2018,The carbon footprint of Australian health care,"The Lancet Planetary Health, 2(1), e27-e35",10.1016/S2542-5196(17)30180-8,,Output-prorated health sub-sector concordance reproduced in layer 07; includes capital
malik_2021,"Malik et al., 2021","Malik, A., Padget, M., Carter, S., Wakiyama, T., Maitland-Scott, I., Vyas, A., Boylan, S., Mulcahy, G., Li, M., Lenzen, M., Charlson, F., Stanaway, J., & Feigin, V.",2021,Environmental impacts of Australia's largest health system,"Resources, Conservation and Recycling, 169, 105556",10.1016/j.resconrec.2021.105556,,Sub-sector environmental detail; not reproducible on a one-industry MRIO
miller_blair_2009,"Miller & Blair, 2009","Miller, R. E., & Blair, P. D.",2009,Input-output analysis: Foundations and extensions (2nd ed.),Cambridge University Press,10.1017/CBO9780511626982,,Standard reference for the Leontief inverse and structural decomposition
moran_wood_2014,"Moran & Wood, 2014","Moran, D., & Wood, R.",2014,"Convergence between the Eora, WIOD, EXIOBASE, and OpenEU's consumption-based carbon accounts","Economic Systems Research, 26(3), 245-261",10.1080/09535314.2014.935298,,Cross-database dispersion of national consumption-based accounts
moran_2018,"Moran et al., 2018","Moran, D., Wood, R., & Rodrigues, J. F. D.",2018,A note on the magnitude of the feedback effect in environmentally extended multi-region input-output tables,"Journal of Industrial Ecology, 22(3), 532-539",10.1111/jiec.12658,,Size of the feedback effect; relevant to the sea-transport reallocation
onat_2023,"Onat et al., 2023","Onat, N. C., Mandouri, J., Kucukvar, M., Sen, B., Abbasi, S. A., Alhajyaseen, W., Kutty, A. A., Jabbar, R., Contreras, M. T., & Jraisat, L.",2023,Rebound effects undermine carbon footprint reduction potential of autonomous electric vehicles,"Nature Communications, 14, 6258",10.1038/s41467-023-41992-2,,Why a demand-reduction scenario reported without rebound overstates its saving
palm_2019,"Palm et al., 2019","Palm, V., Wood, R., Berglund, M., Dawkins, E., Finnveden, G., Schmidt, S., & Steinbach, N.",2019,Environmental pressures from Swedish consumption - A hybrid multi-regional input-output approach,"Journal of Cleaner Production, 228, 634-644",10.1016/j.jclepro.2019.04.181,,The SNAC method: coupling a national account to an MRIO
pichler_2019,"Pichler et al., 2019","Pichler, P.-P., Jaccard, I. S., Weisz, U., & Weisz, H.",2019,International comparison of health care carbon footprints,"Environmental Research Letters, 14(6), 064004",10.1088/1748-9326/ab19e1,,Cross-country comparator; excludes capital
rodrigues_2018,"Rodrigues et al., 2018","Rodrigues, J. F. D., Moran, D., Wood, R., & Behrens, P.",2018,Uncertainty of consumption-based carbon accounts,"Environmental Science & Technology, 52(13), 7577-7586",10.1021/acs.est.8b00632,,Correlation between country accounts; why assuming independence understates uncertainty
schulte_2024,"Schulte et al., 2024","Schulte, S., Jakobs, A., & Pauliuk, S.",2024,Estimating the uncertainty of the greenhouse gas emission accounts in global multi-regional input-output analysis,"Earth System Science Data, 16(6), 2669-2700",10.5194/essd-16-2669-2024,,Country-level versus sector-level uncertainty; the limitation stated with the Monte Carlo interval
sodersten_2018,"Södersten et al., 2018","Södersten, C.-J. H., Wood, R., & Hertwich, E. G.",2018,Endogenizing capital in MRIO models: The implications for consumption-based accounting,"Environmental Science & Technology, 52(22), 13250-13259",10.1021/acs.est.8b02791,,Capital endogenisation implemented in layer 11
stadler_2018,"Stadler et al., 2018","Stadler, K., Wood, R., Bulavskaya, T., Södersten, C.-J., Simas, M., Schmidt, S., Usubiaga, A., Acosta-Fernández, J., Kuenen, J., Bruckner, M., Giljum, S., Lutter, S., Merciai, S., Schmidt, J. H., Theurl, M. C., Plutzar, C., Kastner, T., Eisenmenger, N., Erb, K.-H., de Koning, A., & Tukker, A.",2018,EXIOBASE 3: Developing a time series of detailed environmentally extended multi-regional input-output tables,"Journal of Industrial Ecology, 22(3), 502-515",10.1111/jiec.12715,,The background model used throughout
steenmeijer_2022,"Steenmeijer et al., 2022","Steenmeijer, M. A., Rodrigues, J. F. D., Zijp, M. C., & Waaijers-van der Loop, S. L.",2022,The environmental impact of the Dutch health-care sector beyond climate change: An input-output analysis of key impact categories,"The Lancet Planetary Health, 6(12), e949-e957",10.1016/S2542-5196(22)00244-3,,The study replicated for Denmark
takase_2005,"Takase et al., 2005","Takase, K., Kondo, Y., & Washizu, A.",2005,An analysis of sustainable consumption by the waste input-output model,"Journal of Industrial Ecology, 9(1-2), 201-219",10.1162/1088198054084653,,Budget-neutral reallocation of released expenditure; the rebound form used in scenario C2
tennison_2021,"Tennison et al., 2021","Tennison, I., Roschnik, S., Ashby, B., Boyd, R., Hamilton, I., Oreszczyn, T., Owen, A., Romanello, M., Ruyssevelt, P., Sherman, J. D., Smith, A. Z. P., Steele, K., Watts, N., & Eckelman, M. J.",2021,Health care's response to climate change: A carbon footprint assessment of the NHS in England,"The Lancet Planetary Health, 5(2), e84-e92",10.1016/S2542-5196(20)30271-0,,Visitor-to-patient travel ratio used for the Danish visitor term
tukker_2018,"Tukker et al., 2018","Tukker, A., Giljum, S., & Wood, R.",2018,Recent progress in assessment of resource efficiency and environmental impacts embodied in trade: An introduction to this special issue,"Journal of Industrial Ecology, 22(3), 489-501",10.1111/jiec.12736,,Context for MRIO comparison studies
tukker_2020,"Tukker et al., 2020","Tukker, A., Wood, R., & Schmidt, S.",2020,Towards accepted procedures for calculating international consumption-based carbon accounts,"Climate Policy, 20(sup1), S90-S106",10.1080/14693062.2020.1722605,,National error statistics do not transfer to a single sector
usubiaga_2015,"Usubiaga & Acosta-Fernández, 2015","Usubiaga, A., & Acosta-Fernández, J.",2015,Carbon emission accounting in MRIO models: The territory vs. the residence principle,"Economic Systems Research, 27(4), 458-477",10.1080/09535314.2015.1049126,,Residence versus territory principle; central to the Danish shipping question
vestbo_2023,"Vestbo & Press-Kristensen, 2023","Vestbo, J., & Press-Kristensen, K.",2023,Translated impact on carbon footprint from choice of inhaled therapy: A Danish scenario,"European Respiratory Journal, 62(2), 2300856",10.1183/13993003.00856-2023,,Danish pMDI dispensing measurement used to test the manuscript's dose-based scaling
wiebe_2018,"Wiebe et al., 2018","Wiebe, K. S., Bjelle, E. L., Többen, J., & Wood, R.",2018,Implementing exogenous scenarios in a global MRIO model for the estimation of future environmental footprints,"Journal of Economic Structures, 7, 20",10.1186/s40008-018-0118-y,,Exogenous scenario implementation in a global MRIO; the yardstick for the scenario layer
wiedmann_2011,"Wiedmann et al., 2011","Wiedmann, T. O., Suh, S., Feng, K., Lenzen, M., Acquaye, A., Scott, K., & Barrett, J. R.",2011,Application of hybrid life cycle approaches to emerging energy technologies - The case of wind power in the UK,"Environmental Science & Technology, 45(13), 5900-5907",10.1021/es2007287,,Hybrid input-output and process data; the pattern used for the bottom-up items
wood_neuhoff_2019,"Wood, Neuhoff, et al., 2019","Wood, R., Neuhoff, K., Moran, D., Simas, M., Grubb, M., & Stadler, K.",2019,"The structure, drivers and policy implications of the European carbon footprint","Climate Policy, 20(sup1), S39-S57",10.1080/14693062.2019.1639489,,European carbon footprint structure
danske_regioner_2024,"Danske Regioner, 2024",Danske Regioner,2024,Klimahandling i regionerne [Climate action in the regions],Danske Regioner,,https://www.regioner.dk,Target: halve hospitals' consumption-based CO2 by 2035 against 2022; the 2020 target of -75 % on energy and transport by 2030 against 2018
healthcare_denmark_2024,"Healthcare Denmark, 2024",Healthcare Denmark,2024,Transitioning towards a sustainable healthcare sector [White paper],Healthcare Denmark,,https://www.healthcaredenmark.dk,"Danish health green-transition interventions: Lundbeck raw-material efficiency, Demant packaging, Circular Industrial Plastic partnership, regional procurement focus"
dea_kf22_2022,"Danish Energy Agency, 2022",Danish Energy Agency [Energistyrelsen],2022,Klimastatus og -fremskrivning 2022 (KF22),Danish Energy Agency,,https://ens.dk,Grid and district-heat emission-factor projection used in scenario B1
dea_kf25_2025,"Danish Energy Agency, 2025",Danish Energy Agency [Energistyrelsen],2025,Klimastatus og -fremskrivning 2025 (KF25),Danish Energy Agency,,https://ens.dk,Second official projection vintage; reported alongside KF22 as a real uncertainty band
rormose_iliev_2022,"Rørmose Jensen & Iliev, 2022","Rørmose Jensen, P., & Iliev, V.",2022,Consumption-based greenhouse gas account for Denmark using coupled models,"Statistics Denmark, Eurostat grant 101022790, work package 4",,https://www.dst.dk,Diagnosis of the Danish sea-transport allocation in EXIOBASE (74 % domestic intermediate use against 9 %); the benchmark our correction targets
dce_nid_2024,"Danish Centre for Environment and Energy, 2024",Nielsen O.-K. et al.,2024,Denmark's national inventory document 2024 (DCE Scientific Report No. 622),"Aarhus University, Danish Centre for Environment and Energy",,https://dce2.au.dk,Medical N2O under category 2.G.3.a used instead of the manuscript's birth-scaled estimate
dst_affald_2024,"Statistics Denmark, 2024",Statistics Denmark [Danmarks Statistik],2024,AFFALD01: Waste by industry and waste category [Data set],Statistics Denmark,,https://www.statistikbanken.dk,Danish SEEA waste account replacing the 2011 hybrid waste extension
dst_drivhus_2024,"Statistics Denmark, 2024b",Statistics Denmark [Danmarks Statistik],2024,DRIVHUS: Greenhouse gas emissions by industry [Data set],Statistics Denmark,,https://www.statistikbanken.dk,Direct operational emissions of the Danish health industry
dtu_tu_2023,"DTU Transport Survey, 2023",DTU Management [Center for Transport Analytics],2023,Transportvaneundersøgelsen: Tabel 15 - trips distance and time by purpose [Data set],Technical University of Denmark,,https://www.dtu.dk/tu,Purpose code 33 (social/health) used for Danish patient travel
schmidt_merciai_2023,"Schmidt & Merciai, 2023","Schmidt, J. H., & Merciai, S.",2023,Technical report: GHG emissions from Danish consumption 2016. Causal link between consumption and GHG emissions,"CONCITO, prepared by 2.-0 LCA consultants",,https://lca-net.com,"Published Danish comparator, 6.1 Mt for NACE Q with capital endogenised; consequential, so not like for like"
ghosh_2014,"Ghosh et al., 2014","Ghosh, B., Jensen, J. V., & Munch-Petersen, N.",2014,Measuring Denmark's CO2 emissions 1996-2009,Rockwool Foundation Research Unit,,https://www.rockwoolfonden.dk,Independent Danish evidence that shipping dominates the gap between production- and consumption-based accounts
melo_2019,"Melo, 2019","Melo, D.",2019,Bottom-up and top-down environmental extensions for the EUREGIO MRIO [Master's thesis],Leiden University and TNO,,https://studenttheses.universiteitleiden.nl,Compares top-down and bottom-up satellite construction; the caution about satellite error propagation
stadler_2015_report,"Stadler et al., 2015","Stadler, K., Wood, R., Simas, M., Bulavskaya, T., de Koning, A., Kuenen, J., Acosta-Fernández, J., Usubiaga, A., Merciai, S., Schmidt, J., Theurl, M., Kastner, T., Eisenmenger, N., Giljum, S., Lutter, S., Bruckner, M., Tukker, A., & Simas, M.",2015,Integrated report on EXIOBASE 3 (DESIRE project deliverable 5.3),European Commission FP7 DESIRE,,https://cordis.europa.eu/project/id/308552,Methodological report cited inside the EXIOBASE hybrid documentation quoted in the shipping note; the source of the residency-approach statement
wood_2019,"Wood et al., 2019","Wood, R., Moran, D. D., Rodrigues, J. F. D., & Stadler, K.",2019,Variation in trends of consumption based carbon accounts,"Scientific Data, 6, 99",10.1038/s41597-019-0102-x,,"Cross-database dispersion. Table 1: unweighted mean relative standard deviation 8.3 % (production-based) and 11.9 % (consumption-based) across regions; DENMARK's own row is PBCA RSD 19.3 % and CBCA RSD 8.8 % raw, 8.3 % and 4.2 % after normalisation. Denmark is named in the text as a country whose variation is driven by the handling of international transport emissions"
schulte_2026,"Schulte et al., 2026","Schulte, S., Jakobs, A., & Lupton, R.",2026,When correlation matters: A practical guide to dealing with uncertainty in the case of data disaggregation,"Journal of Industrial Ecology, 30, 665-681",10.1007/s44498-026-00048-6,,"Correlation between disaggregates is DERIVED from the relative uncertainty of the aggregate and the shares, not chosen; Dirichlet family for the shares, MaxEnt for the aggregate. Neglecting correlation changed sector multiplier SDs by -34 to +130 % and overstated a national footprint's uncertainty by 46 %"
schulte_2021,"Schulte et al., 2021","Schulte, S., Jakobs, A., & Pauliuk, S.",2021,Relaxing the import proportionality assumption in multi-regional input-output modelling,"Journal of Economic Structures, 10, 20",10.1186/s40008-021-00250-8,,"Import proportionality on EXIOBASE at 49x163: national footprint CVs generally below 4 % for carbon, but 25 % of industry footprints above 10 % (carbon) and above 30 % (land, material, water). The basis for the non-carbon uncertainty bound"
jakobs_2021,"Jakobs et al., 2021","Jakobs, A., Schulte, S., & Pauliuk, S.",2021,Price variance in hybrid-LCA leads to significant uncertainty in carbon footprints,"Frontiers in Sustainability, 2, 666209",10.3389/frsus.2021.666209,,"Price-vintage uncertainty in a hybrid footprint, and the double-counting correction choice worth a factor of almost two"
perkins_suh_2019,"Perkins & Suh, 2019","Perkins, J., & Suh, S.",2019,Uncertainty implications of hybrid approach in LCA: Precision versus accuracy,"Environmental Science & Technology, 53(7), 3681-3688",10.1021/acs.est.9b00084,,Hybridisation moved the mean 38 % while holding relative SD at 3 to 4 %: accuracy gained without precision lost. Supports adding bottom-up items
rodrigues_2016,"Rodrigues, 2016","Rodrigues, J. F. D.",2016,Maximum-entropy prior uncertainty and correlation of statistical economic data,"Journal of Business & Economic Statistics, 34(3), 357-367",10.1080/07350015.2015.1038545,,Uncorrelated disaggregates and a known aggregate uncertainty are MUTUALLY EXCLUSIVE. The load-bearing warrant for holding the calibrated total when the correlation is varied
huijbregts_1998,"Huijbregts, 1998","Huijbregts, M. A. J.",1998,Application of uncertainty and variability in LCA,"The International Journal of Life Cycle Assessment, 3(5), 273-280",10.1007/BF02979835,,The uncertainty/variability taxonomy adopted for MRIO by Schulte et al. (2024)
solazzo_2021,"Solazzo et al., 2021","Solazzo, E., Crippa, M., Guizzardi, D., Muntean, M., Choulga, M., & Janssens-Maenhout, G.",2021,Uncertainties in the Emissions Database for Global Atmospheric Research (EDGAR) emission inventory of greenhouse gases,"Atmospheric Chemistry and Physics, 21(7), 5655-5683",10.5194/acp-21-5655-2021,,"Element-level uncertainties for EDGAR, Denmark's raw emission source in the Schulte et al. (2024) compilation"
lenzen_2013,"Lenzen et al., 2013","Lenzen, M., Moran, D., Kanemoto, K., & Geschke, A.",2013,Building Eora: A global multi-region input-output database at high country and sector resolution,"Economic Systems Research, 25(1), 20-49",10.1080/09535314.2013.769938,,The uncertainty machinery behind the Lenzen-family standard deviations this study calibrates to
groen_heijungs_2017,"Groen & Heijungs, 2017","Groen, E. A., & Heijungs, R.",2017,Ignoring correlation in uncertainty and sensitivity analysis in life cycle assessment: What is the risk?,"Environmental Impact Assessment Review, 62, 98-109",10.1016/j.eiar.2016.10.006,,"The cost of ignoring correlation, in the LCA setting"
ipcc_2000,"IPCC, 2000",Intergovernmental Panel on Climate Change,2000,Quantifying uncertainties in practice (Chapter 6). In Good practice guidance and uncertainty management in national greenhouse gas inventories,IPCC National Greenhouse Gas Inventories Programme,,https://www.ipcc-nggip.iges.or.jp/public/gp/english/,"Tier 1 versus Tier 2, the rules for combining uncertainties, the correlation guidance, and the convergence criterion this study reports against"
ghg_protocol_uncertainty,"GHG Protocol, n.d.",World Resources Institute & World Business Council for Sustainable Development,n.d.,Guidance on uncertainty assessment in GHG inventories and calculating statistical parameter uncertainty,Greenhouse Gas Protocol,,https://ghgprotocol.org/calculation-tools-and-guidance,"Scientific versus estimation uncertainty; the requirement to discuss the direction of systematic bias qualitatively. NOTE: the document carries no publication year, version or imprint; the 2005 commonly attached to it is unverified"
wood_2017,,"Wood, R., Moran, D., Stadler, K., Ivanova, D., Steen-Olsen, K., Tisserant, A., & Hertwich, E. G.",2017,Prioritizing consumption-based carbon policy based on the evaluation of mitigation potential using input-output methods,"Journal of Industrial Ecology, 22(3), 540-552",10.1111/jiec.12702,,Origin of the change coefficient k_a = k_t k_p that Donati et al. (2020) adopt; also the direct final-demand emission vector as an editable object (eq. 12) and the marginal-share re-spend (eq. 9)
zink_geyer_2017,,"Zink, T., & Geyer, R.",2017,Circular economy rebound,"Journal of Industrial Ecology, 21(3), 593-602",10.1111/jiec.12545,,"The canonical statement of circular-economy rebound, cited by Aguilar-Hernandez et al. (2018) where the rebound equation is introduced"
